SMILES,Caco-2 Permeability Papp A>B,Caco-2 Permeability Efflux
CN(C)CCCNc1nc(Nc2ccncc2)nc2ccccc12,4.16,1.92
COc1ccc(Nc2nccc(NCCc3ccncc3)n2)cc1,26.39,0.78
Cc1ccc(CNc2cc(-c3ccccc3)[nH]c(=O)n2)cc1,20.21,1.39
COc1cccc(Nc2nc(-c3ccccc3)cs2)c1,2.02,1.15
COc1ccc(-c2csc(Nc3ccccn3)n2)cc1,12.29,0.48
c1cc2ccc(-c3ccc(OCCN4CCCCC4)cc3)cc2cn1,14.28,0.41
Fc1cc(-c2ccnc(Nc3cccc(CN4CCOCC4)c3)n2)cc(N2CCOCC2)c1,14.8,0.7
CS(=O)(=O)Nc1cccc(-c2ccnc(Nc3ccc(CC(N)=O)cc3)n2)c1,1.65,23.6
O=C(c1n[nH]c2ccccc12)N1CCC(Nc2ccc(Cl)cc2)CC1,25.96,0.9
O=C(c1n[nH]c2ccccc12)N1CCN(Cc2ccc(C(F)(F)F)cc2)CC1,24.23,1.0
Fc1cccc(-c2ccnc(Nc3ccc(CN4CCOCC4)cc3)n2)c1,20.19,0.72
c1cc2ccc(-n3cc(OCCN4CCCCC4)cn3)cc2cn1,29.83,0.84
c1cc2ccc(-n3cc(OCCN4CCCCC4)cn3)cc2nn1,34.24,0.93
CNc1cc2ccncc2cc1-n1cc(OCCN2CCCCC2)cn1,13.84,0.85
Cc1c2ccncc2cc2c3cc(OCCNC4CCOCC4)ccc3n(C)c12,0.82,0.66
Cc1c2ccncc2cc2c3cc(OC[C@H](C)NC4CCOCC4)ccc3n(C)c12,0.51,0.89
Nc1cc(-c2ccccc2)nc2nc(-c3ccccc3)cn12,21.16,0.91
COC(=O)c1nn(-c2ccccc2)cc1N,2.3,0.83
COC(=O)c1nn(C(C)C)cc1N,31.75,0.86
O=C(c1nn(CCO)c2ccccc12)N1CCC(Oc2ccc(Cl)cc2)CC1,31.5,0.73
CN(C)CCn1nc(C(=O)N2CCC(Oc3ccc(Cl)cc3)CC2)c2ccccc21,18.27,0.85
CN1CCN(c2cccc(Nc3nc(-c4ccc(F)cc4)cs3)c2)CC1,2.64,1.77
CN(C)CCCOc1ccccc1Nc1nc(-c2ccc(F)cc2)cs1,2.56,1.37
O=C(c1n[nH]c2ccccc12)N1CCC(Oc2ccccc2Cl)CC1,18.23,1.02
O=C(c1n[nH]c2ccccc12)N1CCC(Oc2cccc(Cl)c2)CC1,9.8,0.84
O=C(c1n[nH]c2ccccc12)N1CCC(Oc2ccc(C(F)(F)F)cc2)CC1,6.91,0.63
O=C(c1n[nH]c2ccccc12)N1CC(NCc2ccc(Cl)cc2)C1,37.81,0.53
O=C(c1n[nH]c2ccccc12)N1CCN(Cc2ccccc2Cl)CC1,32.64,0.54
O=C(c1n[nH]c2ccccc12)N1CCN(Cc2cccc(Cl)c2)CC1,32.5,1.05
O=C(c1n[nH]c2ccccc12)N1CCN(Cc2ccc(F)cc2)CC1,42.69,0.83
Cc1ccc2[nH]nc(C(=O)N3CCC(Oc4ccc(Cl)cc4)CC3)c2c1,4.4,0.9
O=C(c1n[nH]c2cc(F)ccc12)N1CCC(Oc2ccc(Cl)cc2)CC1,4.43,1.22
COc1ccc2c(C(=O)N3CCC(Oc4ccc(Cl)cc4)CC3)n[nH]c2c1,8.9,0.8
O=C(c1n[nH]c2ncccc12)N1CCC(Oc2ccc(Cl)cc2)CC1,27.91,1.15
Cc1cc(-c2ccccn2)cc2c3cc(OCCCN4CCCC4)ccc3n(C)c12,1.25,1.16
Cc1cc(-c2ncccn2)cc2c3cc(OCCCN4CCCC4)ccc3n(C)c12,3.42,0.67
Cc1cc(-c2ccncn2)cc2c3cc(OCCCN4CCCC4)ccc3n(C)c12,3.75,0.74
c1cncc(-c2ccnc(Nc3ccc(CN4CCOCC4)cc3)n2)c1,38.51,0.74
NC(=O)Cc1ccc(Nc2nccc(-c3cccc(C(N)=O)c3)n2)cc1,0.66,62.68
c1cc(-c2ccnc(Nc3ccc(CN4CCOCC4)cc3)n2)cc(N2CCOCC2)c1,25.12,1.0
CC(C)N1CCN(c2ncn(-c3ccc(Nc4ncccn4)cc3)n2)CC1,36.13,0.99
CC(=O)Nc1cccc(-c2ccnc(Nc3ccc(CC(N)=O)cc3)n2)c1,1.68,32.61
CN(C)CCOc1ccc(-c2cc3nc(-c4ccccc4)cc(N)n3n2)cc1,8.0,0.53
Cn1cc(C(=O)N2CCN(c3ccc(CN4CCC4)cc3)CC2)c2cccnc21,11.97,2.11
Cn1cc(C(=O)N2CCN(c3ccc(CN4CC(F)C4)cc3)CC2)c2cccnc21,20.41,0.89
Cn1cc(C(=O)N2CCN(c3ccc(CN4CC(C(F)(F)F)C4)cc3)CC2)c2cccnc21,30.59,0.98
Cc1c(N)c(-n2cc(OCCN3CCCCC3)cn2)cc2cnccc12,13.56,0.72
CS(=O)(=O)Nc1cccc(-c2ccnc(Nc3ccc(CN4CCOCC4)cc3)n2)c1,17.04,1.46
CC(=O)Nc1cccc(-c2ccnc(Nc3ccc(CN4CCOCC4)cc3)n2)c1,21.23,1.13
Fc1cc(-c2ccnc(Nc3ccc(CN4CCOCC4)cc3)n2)cc(N2CCOCC2)c1,9.31,0.53
NC(=O)Cc1ccc(Nc2nccc(-c3cc(F)cc(N4CCOCC4)c3)n2)cc1,17.35,1.26
CN1CCN(c2cc(F)cc(-c3ccnc(Nc4ccc(CC(N)=O)cc4)n3)c2)CC1,11.77,2.41
CC(C)N1CCN(c2ncn(-c3ccc(Nc4ncc(-c5ccccc5)cn4)cc3)n2)CC1,2.55,0.65
CC(C)N1CCN(c2ncn(-c3ccc(Nc4ncc(-c5cccc(F)c5)cn4)cc3)n2)CC1,1.53,0.57
Cn1nc(C(=O)N2CCN(Cc3ccc(Cl)cc3)CC2)c2ccccc21,39.47,0.66
CN(c1ccc(Cl)cc1)C1CCN(C(=O)c2n[nH]c3ccccc23)CC1,10.84,0.77
O=C(c1n[nH]c2ccccc12)N1CCN(Cc2ccc(Cl)c(F)c2)CC1,31.04,0.5
O=C(c1n[nH]c2ccccc12)N1CCN(Cc2ccc(Cl)cc2F)CC1,33.07,0.68
CCCn1nc(C(=O)N2CCN(Cc3ccc(Cl)cc3)CC2)c2ccccc21,6.27,0.61
CC(C)n1nc(C(=O)N2CCN(Cc3ccc(Cl)cc3)CC2)c2ccccc21,9.54,0.82
O=C(c1noc2ccccc12)N1CCN(Cc2ccc(Cl)cc2)CC1,24.03,0.56
O=C(c1nsc2ccccc12)N1CCN(Cc2ccc(Cl)cc2)CC1,26.53,0.64
COc1ccc2[nH]c3c(=O)n(CC4CCC(=O)NC4)cnc3c2c1,2.4,9.61
COc1ccc2[nH]c3c(=O)n(CC4CC5(CNC5)C4)cnc3c2c1,2.01,2.62
COc1ccc2[nH]c3c(=O)n(C[C@@H]4CCCN(C)C4)cnc3c2c1,29.94,0.97
COc1ccc2[nH]c3c(=O)n(C[C@H]4CCCN(C)C4)cnc3c2c1,26.49,1.07
COc1ccc2[nH]c3c(=O)n(CCCN4CCCC4)cnc3c2c1,31.07,0.95
COc1ccc2[nH]c3c(=O)n(CCCN4CCC(OC)CC4)cnc3c2c1,32.95,1.15
COc1cc2[nH]c3c(=O)n(CCCN4CCCCC4)cnc3c2cc1OC,14.72,1.96
COc1ccc2[nH]c3c(=O)n(CCCN(C)C4CCCCC4)cnc3c2c1,32.85,0.72
Cn1cc(C(=O)N2CCN(c3ccc(CN4CC(O)C4)cc3)CC2)c2cccnc21,5.58,4.02
COc1cc(N)ncc1CCCN(C)CCCn1cnc2c([nH]c3ccccc32)c1=O,1.5,19.01
COC1CN(Cc2ccc(N3CCN(C(=O)c4cn(C)c5ccccc45)CC3)cn2)C1,29.04,1.21
COc1ccc2[nH]c3c(=O)n(CCCN(C)CCCc4cnc(N)cc4OC)cnc3c2c1,1.12,24.88
COC1CN(Cc2ccc(N3CCN(C(=O)c4cc(-c5ccccc5)on4)CC3)cc2)C1,31.83,0.68
COC1CN(Cc2ccc(N3CCN(C(=O)c4cn(C)c5ccccc45)CC3)cc2)C1,27.54,1.03
COC1CN(Cc2ccc(N3CCN(C(=O)c4cc5ccccc5n4C)CC3)cc2)C1,27.79,0.64
COC1CN(Cc2ccc(N3CCN(C(=O)c4cc(-c5ccccc5)n(C)n4)CC3)cc2)C1,35.89,0.79
COC1CN(Cc2ccc(N3CCN(C(=O)c4c(C)n(C)c5ccccc45)CC3)cc2)C1,27.36,0.87
COc1cccc2c(C(=O)N3CCN(c4ccc(CN5CC(OC)C5)cc4)CC3)cn(C)c12,24.01,0.74
COc1ccc2c(c1)c(C(=O)N1CCN(c3ccc(CN4CC(OC)C4)cc3)CC1)cn2C,28.23,0.87
COC1CN(Cc2ccc(N3CCN(C(=O)c4c5ccccc5n5ccccc45)CC3)cc2)C1,19.78,1.02
COc1ccc2[nH]c3c(=O)n(CCCN4CCCCC4)cnc3c2c1,34.83,0.8
Cn1cc(C(=O)N2CCN(c3ccc(CN4CC(C)(O)C4)cc3)CC2)c2cccnc21,4.71,3.54
COC1(C)CN(Cc2ccc(N3CCN(C(=O)c4cn(C)c5ncccc45)CC3)cc2)C1,22.44,1.0
Cn1cc(C(=O)N2CCN(c3ccc(CN4CC(CO)C4)cc3)CC2)c2cccnc21,1.05,9.29
COCC1CN(Cc2ccc(N3CCN(C(=O)c4cn(C)c5ncccc45)CC3)cc2)C1,14.39,1.71
Cn1cc(C(=O)N2CCN(c3ccc(CN4CC5(CCCCO5)C4)cc3)CC2)c2cccnc21,24.97,0.8
CN(C)C(=O)Cc1ccc(Nc2nccc(-c3cccc(NS(C)(=O)=O)c3)n2)cc1,12.48,4.62
CC(C)N1CCN(c2ncn(-c3ccc(Nc4ncc(-c5cccnc5)cn4)cc3)n2)CC1,27.82,0.6
CS(=O)(=O)Nc1cccc(-c2ccnc(Nc3cccc(CN4CCOCC4)c3)n2)c1,29.44,1.19
CS(=O)(=O)Nc1cccc(-c2ccnc(Nc3cccc(CC(N)=O)c3)n2)c1,29.3,1.54
CN1CCN(Cc2ccc(Nc3nccc(-c4cccc(F)c4)n3)cc2)CC1,22.87,0.73
Fc1cccc(-c2ccnc(Nc3ccc(CN4CCCCC4)cc3)n2)c1,20.29,0.72
CN1CCC(Oc2ccc(Nc3nccc(-c4cccc(F)c4)n3)cc2)CC1,9.52,0.89
c1cc2ccc(-c3ccc(OCCN4CCCCC4)cn3)cc2cn1,22.53,0.92
O=C(c1n[nH]c2ccccc12)N1CCN(Cc2ccc(Cl)nc2)CC1,27.38,1.05
O=C(NC1CN(Cc2ccc(Cl)cc2)C1)c1n[nH]c2ccccc12,18.99,0.81
Cc1ccc(CNc2nc(-c3ccccc3)cc(=O)[nH]2)cc1,6.98,0.7
Cc1cccc(CNc2nc(-c3ccccc3)cc(=O)[nH]2)c1,10.57,0.71
Cc1cccc(CNc2cc(-c3ccccc3)[nH]c(=O)n2)c1,25.95,1.42
Cc1ccccc1CNc1nc(-c2ccccc2)cc(=O)[nH]1,5.89,1.22
Cc1ccccc1CNc1cc(-c2ccccc2)[nH]c(=O)n1,22.55,1.65
CC(C)c1ccc(CNc2cc(-c3ccccc3)[nH]c(=O)n2)cc1,20.35,1.25
C[C@H](Nc1nc(-c2ccccc2)cc(=O)[nH]1)c1ccccc1,14.52,0.86
C[C@H](Nc1cc(-c2ccccc2)[nH]c(=O)n1)c1ccccc1,22.03,1.71
NC(=O)Cc1ccc(Nc2nccc(-c3cccc(S(N)(=O)=O)c3)n2)cc1,0.52,73.05
Fc1cccc(-c2ccnc(Nc3ccc(CN4CCNCC4)cc3)n2)c1,5.27,0.83
Fc1cccc(-c2ccnc(Nc3cccc(CN4CCOCC4)c3)n2)c1,6.57,0.96
Fc1cc(F)cc(-c2ccnc(Nc3ccc(CN4CCOCC4)cc3)n2)c1,6.8,0.58
O=C(c1n[nH]c2ccccc12)N1CCN(Cc2ccc(Cl)cn2)CC1,27.63,0.9
COc1ccc(-c2cc(NCc3ccc(C)cc3)nc(=O)[nH]2)cc1,14.16,2.43
C[C@@H](Nc1cc(-c2ccccc2)[nH]c(=O)n1)c1ccccc1,22.05,1.57
CC(C)(Nc1cc(-c2ccccc2)[nH]c(=O)n1)c1ccccc1,22.61,1.68
O=c1nc(NC2(c3ccccc3)CC2)cc(-c2ccccc2)[nH]1,18.84,2.05
O=c1nc(NCc2ccccn2)cc(-c2ccccc2)[nH]1,7.46,3.79
Cc1ccc2[nH]nc(C(=O)N3CCC(Nc4ccc(Cl)cc4)CC3)c2c1,16.03,0.8
Cc1ccc2[nH]nc(C(=O)N3CCC(NCc4ccc(Cl)cc4)CC3)c2c1,25.98,0.69
Cc1ccc2[nH]nc(C(=O)N3CCN(Cc4ccc(Cl)cc4)CC3)c2c1,19.98,0.73
Cn1cc(C(=O)N2CCN(c3ccc(CN4CC(C)(CO)C4)cc3)CC2)c2cccnc21,1.9,10.08
COCC1(C)CN(Cc2ccc(N3CCN(C(=O)c4cn(C)c5ncccc45)CC3)cc2)C1,19.44,1.57
Cn1cc(C(=O)N2CCN(c3ccc(CN4CC5(CCO5)C4)cc3)CC2)c2cccnc21,23.51,1.36
Cn1cc(C(=O)N2CCN(c3ccc(CN4CC5(COC5)C4)cc3)CC2)c2cccnc21,14.22,2.26
Cn1cc(C(=O)N2CCN(c3ccc(CN4CC5(CCCO5)C4)cc3)CC2)c2cccnc21,26.95,1.3
C[C@@H](Nc1nc(-c2ccccc2)cc(=O)[nH]1)c1ccccc1,17.38,0.68
O=c1cc(-c2ccccc2)nc(NC2(c3ccccc3)CC2)[nH]1,18.76,0.77
O=c1cc(-c2ccccc2)nc(NCc2ccccn2)[nH]1,38.14,1.03
O=c1ccc2ccc(-c3ccc(OCCN4CCCCC4)cc3)cc2[nH]1,33.64,0.79
N#Cc1cccc(-c2ccnc(Nc3ccc(CN4CCOCC4)cc3)n2)c1,31.42,0.78
Clc1cccc(-c2ccnc(Nc3ccc(CN4CCOCC4)cc3)n2)c1,6.53,0.6
COc1cccc(-c2ccnc(Nc3ccc(CN4CCOCC4)cc3)n2)c1,22.42,0.74
CN(C)CCOc1cccc(Nc2nc(-c3ccccc3)cs2)c1,5.95,0.59
N#CCNC1CCN(C(=O)c2n[nH]c3ccccc23)CC1,27.14,1.04
CC(=O)Nc1ccc(Nc2cc(N)n3nccc3n2)cc1,9.87,3.21
CN1CCC(c2ccc(Nc3cc(N)n4nccc4n3)cc2)CC1,22.63,1.21
Cn1cc(C(=O)N2CCN(c3ccc(CN4CCC4)cc3)CC2)c2ccccc21,23.01,0.8
Cn1cc(C(=O)N2CCN(c3ccc(CN4CC(F)C4)cc3)CC2)c2ccccc21,30.25,0.71
Cn1cc(C(=O)N2CCN(c3ccc(CN4CC(C(F)(F)F)C4)cc3)CC2)c2ccccc21,15.86,1.19
Cn1cc(C(=O)N2CCN(c3ccc(CN4CC(CO)C4)cc3)CC2)c2ccccc21,2.96,14.85
COCC1CN(Cc2ccc(N3CCN(C(=O)c4cn(C)c5ccccc45)CC3)cc2)C1,23.0,1.3
Cn1cc(C(=O)N2CCN(c3ccc(CN4CC(C)(CO)C4)cc3)CC2)c2ccccc21,2.49,10.25
COCC1(C)CN(Cc2ccc(N3CCN(C(=O)c4cn(C)c5ccccc45)CC3)cc2)C1,21.05,0.9
Cn1cc(C(=O)N2CCN(c3ccc(CN4CC5(COC5)C4)cc3)CC2)c2ccccc21,17.65,1.29
Cn1cc(C(=O)N2CCN(c3ccc(CN4CC5(CCCCO5)C4)cc3)CC2)c2ccccc21,18.9,0.96
O=C(c1cc[nH]n1)N1CCC(Oc2ccc(Cl)cc2)CC1,47.1,0.6
O=C(c1n[nH]c2ccccc12)N1CCN(c2ccc(Cl)cc2)CC1,34.15,0.69
COc1ccc2[nH]c3c(=O)n(CC[C@H](C)N4CCCCC4)ccc3c2c1,30.13,0.82
COc1ccc2[nH]c3c(=O)n(CC[C@@H](C)N4CCCCC4)ccc3c2c1,28.41,0.86
COc1ccc2c(c1)c1cc[nH]c(=O)c1n2CC(C)CN1CCCCC1,25.21,1.01
O=C1CCc2ccc(-c3ccc(OCCN4CCCCC4)cn3)cc2N1,36.11,0.92
FC(F)(F)c1cccc(-c2ccnc(Nc3ccc(CN4CCOCC4)cc3)n2)c1,3.67,0.86
Cc1c[nH]nc1C(=O)N1CCC(Oc2ccc(Cl)cc2)CC1,43.68,0.65
COc1cccc2[nH]c3c(=O)n(CCCN4CCCCC4)ccc3c12,32.5,0.9
O=c1c2[nH]c3cc(OC(F)(F)F)ccc3c2ccn1CCCN1CCCCC1,11.2,0.9
COc1ccc2[nH]c3c(=O)n(CCCN4CCCCC4)ccc3c2c1,33.7,0.9
CCc1ccc(CNc2cc(-c3ccccc3)[nH]c(=O)n2)cc1,29.6,1.2
CN(C)c1c[nH]nc1C(=O)N1CCC(Oc2ccc(Cl)cc2)CC1,44.3,0.7
Cn1nc2ccccc2c1C(=O)N1CCC(Oc2ccc(Cl)cc2)CC1,22.2,0.8
CN1CCN(c2ccc(Nc3cc(N)n4nccc4n3)cc2)CC1,32.7,1.0
N#Cc1ccc(OC2CCN(C(=O)c3n[nH]c4ccccc34)CC2)cc1,41.8,0.8
N#Cc1ccc(CN2CCN(C(=O)c3n[nH]c4ccccc34)CC2)cc1,46.3,1.0
Nc1cc2oc(=O)[nH]c2cc1-n1cc(OCCN2CCCCC2)cn1,11.1,1.5
CN1CCC(Cc2ccc(Nc3nccc(-c4cccc(F)c4)n3)cc2)CC1,2.2,0.8
O=C1CCc2ccc(-n3cc(OCCN4CCCCC4)cn3)cc2N1,33.4,1.0
Fc1cc(-c2ccnc(Nc3ccc(C4CCNCC4)cc3)n2)cc(N2CCOCC2)c1,2.4,1.3
Fc1cc(-c2ccnc(Nc3cccc(C4CCNCC4)c3)n2)cc(N2CCOCC2)c1,1.0,3.6
NC(=O)Cc1cccc(Nc2nccc(-c3cccc(OC(F)(F)F)c3)n2)c1,9.2,1.0
NC(=O)Cc1cccc(Nc2nccc(-c3cccnc3)n2)c1,26.2,1.1
NC(=O)Cc1ccc(Nc2nccc(-c3cccc(F)c3)n2)cc1,38.1,1.0
COc1cccc(-c2ccnc(Nc3ccc(CC(N)=O)cc3)n2)c1,29.0,1.0
N#Cc1cccc(-c2ccnc(Nc3ccc(CC(N)=O)cc3)n2)c1,28.6,1.3
NC(=O)Cc1ccc(Nc2nccc(-c3cccc(OC(F)(F)F)c3)n2)cc1,11.4,1.0
NC(=O)Cc1ccc(Nc2nccc(-c3cccnc3)n2)cc1,21.4,1.6
COC1CN(Cc2ccc(N3C[C@H]4C[C@@H](C3)N4C(=O)c3cn(C)c4ccccc34)cc2)C1,25.77,1.21
O=C(c1cccc2[nH]cnc12)N1CCC(Oc2ccc(Cl)cc2)CC1,15.93,0.56
Cn1cc(C(=O)N2CCC(Oc3ccc(Cl)cc3)CC2)c2ccccc21,7.72,1.28
COc1ccc(-c2cc(C(=O)N3CCC(Oc4ccc(Cl)cc4)CC3)[nH]n2)c(OC)c1,0.05,1.73
COc1ccc2[nH]c3c(=O)n(C[C@@H](C)CN4CCCCC4)ccc3c2c1,30.82,0.8
COc1ccc2[nH]c3c(=O)n(C[C@H](C)CN4CCCCC4)ccc3c2c1,27.07,0.81
O=c1c2[nH]c3cc(Cl)ccc3c2ccn1CCCN1CCCCC1,18.25,0.68
COc1ccc2[nH]c3c(=O)n([C@H](C)CCN4CCCCC4)cnc3c2c1,29.83,1.06
COc1ccc2[nH]c3c(=O)n([C@@H](C)CCN4CCCCC4)cnc3c2c1,27.82,0.92
COc1ccc2[nH]c3c(=O)n(CC4(CN5CCCCC5)CC4)cnc3c2c1,26.27,0.86
CC(C)N1CCN(c2ncn(-c3ccc(Nc4ncc5cccc(Cl)c5n4)cc3)n2)CC1,1.66,1.01
Fc1cc(-c2ccnc(Nc3ccc(N4CCNCC4)cc3)n2)cc(N2CCOCC2)c1,3.93,1.0
NC(=O)Cc1cccc(Nc2nccc(-c3cccc(N4CCOCC4)c3)n2)c1,24.63,1.29
CN1CCN(c2cccc(-c3ccnc(Nc4cccc(CC(N)=O)c4)n3)c2)CC1,9.9,3.86
COc1cccc(-c2ccnc(Nc3cccc(CC(N)=O)c3)n2)c1,28.82,1.09
N#Cc1cccc(-c2ccnc(Nc3cccc(CC(N)=O)c3)n2)c1,29.11,1.27
NC(=O)Cc1ccc(Nc2nccc(-c3cccc(N4CCOCC4)c3)n2)cc1,25.24,1.54
Fc1cccc(-c2cccc(Nc3ccc(CN4CCOCC4)cc3)n2)c1,3.71,0.8
CS(=O)(=O)Nc1cccc(-c2ccnc(Nc3ccc(CN4CCOCC4)cc3)c2)c1,12.36,2.24
CS(=O)(=O)Nc1cccc(-c2cncc(Nc3ccc(CN4CCOCC4)cc3)n2)c1,7.77,5.0
CC(C)c1c[nH]nc1C(=O)N1CCC(Oc2ccc(Cl)cc2)CC1,11.98,1.17
O=C(c1n[nH]cc1-c1ccccc1)N1CCC(Oc2ccc(Cl)cc2)CC1,4.35,1.17
N#Cc1ccc(OC2CCN(C(=O)c3n[nH]c4cc(F)ccc34)CC2)cc1,45.33,0.82
O=C(c1n[nH]c2cc(F)ccc12)N1CCN(Cc2ccc(C(F)(F)F)cc2)CC1,11.1,1.32
O=C(c1n[nH]c2cc(F)ccc12)N1CCN(Cc2ccc(Cl)cc2)CC1,16.68,1.14
N#Cc1ccc(CN2CCN(C(=O)c3n[nH]c4cc(F)ccc34)CC2)cc1,36.98,0.92
COc1ccc2c(C(=O)N3CCC(Oc4ccc(C(F)(F)F)cc4)CC3)n[nH]c2c1,2.82,1.44
O=C(c1n[nH]c2ccccc12)N1CCC(Oc2ccc(Cl)nc2)CC1,42.52,1.18
O=C(c1n[nH]c2cc(F)ccc12)N1CCC(Oc2ccc(Cl)nc2)CC1,47.54,1.04
COc1ccc2c(C(=O)N3CCC(Oc4ccc(Cl)nc4)CC3)n[nH]c2c1,37.83,0.71
COc1ccc2[nH]c3c(=O)n(CC(C)(C)CN4CCCCC4)ccc3c2c1,21.45,1.03
COc1ccc2c(c1)[nH]c1c(=O)n(CCCN3CCCCC3)ccc12,26.22,0.89
O=c1c2[nH]c3c(C(F)(F)F)cccc3c2ccn1CCCN1CCCCC1,15.32,0.93
O=c1c2[nH]c3cc(C(F)(F)F)ccc3c2ccn1CCCN1CCCCC1,7.88,0.87
O=c1c2[nH]c3cccc(C(F)(F)F)c3c2ccn1CCCN1CCCCC1,9.7,1.16
COc1ccc2[nH]c3c(=O)n(CCN4CCCCC4)ccc3c2c1,24.78,0.96
COc1ccc2[nH]c3c(=O)n(CCCN4CCCCC4)cc(F)c3c2c1,23.33,0.71
COc1ccc2[nH]c3c(=O)n(CCN4CCCCC4)cc(F)c3c2c1,22.48,0.87
COc1cccc(Nc2cc(C)nc3ccc(-c4ncc[nH]4)cc23)c1,8.68,4.94
CN1CCC(c2ccc3[nH]nc(C(=O)N4CCC(Oc5ccc(Cl)cc5)CC4)c3c2)CC1,3.0,3.22
O=C(c1n[nH]c2cc(F)ccc12)N1CCC(Oc2ccc(Cl)cn2)CC1,14.83,1.09
O=C(c1n[nH]c2ccccc12)N1CCC2(CC1)CN(c1ccc(Cl)cc1)C2,3.91,2.88
O=C(c1n[nH]c2ccccc12)N1C2CCC1CN(Cc1ccc(Cl)cc1)C2,4.19,1.92
Nc1cc2c(cc1-n1cc(OCCN3CCCCC3)cn1)NC(=O)CC2,8.94,2.3
Fc1cccc(-c2ccnc(Nc3ccc(CN4CCOCC4)cc3)c2)c1,5.04,0.56
Fc1cccc(-c2cncc(Nc3ccc(CN4CCOCC4)cc3)n2)c1,5.68,1.02
Fc1cccc(-c2nccc(Nc3ccc(CN4CCOCC4)cc3)n2)c1,9.51,0.82
Fc1cccc(-c2cc(Nc3ccc(CN4CCOCC4)cc3)ncn2)c1,17.46,1.37
CS(=O)(=O)Nc1cccc(-c2cccc(Nc3ccc(CN4CCOCC4)cc3)n2)c1,12.57,1.17
CS(=O)(=O)Nc1cccc(-c2nccc(Nc3ccc(CN4CCOCC4)cc3)n2)c1,5.97,6.41
CS(=O)(=O)Nc1cccc(-c2cc(Nc3ccc(CN4CCOCC4)cc3)ncn2)c1,7.92,6.7
Fc1cccc(-c2ccnc(Nc3ccc(CN4CC(F)C4)cc3)n2)c1,11.15,0.97
O=C(c1n[nH]c2ccccc12)N1CCC(Oc2ccc(Cl)cn2)CC1,16.54,1.34
Fc1cccc(-c2ccnc(Nc3ccc(CN4CCC(F)(F)CC4)cc3)n2)c1,1.8,0.92
CS(=O)(=O)Nc1cccc(-c2ccnc(Nc3ccc(CN4CCC(F)(F)CC4)cc3)n2)c1,14.1,0.73
Fc1cccc(-c2ccnc(Nc3ccc(CN4CCC4)cc3)n2)c1,23.98,0.39
COC1CN(Cc2ccc(Nc3nccc(-c4cccc(F)c4)n3)cc2)C1,23.32,0.48
COCC1CN(Cc2ccc(Nc3nccc(-c4cccc(F)c4)n3)cc2)C1,23.71,0.46
Fc1ccccc1-c1ccnc(Nc2ccc(CN3CCOCC3)cc2)n1,21.28,0.68
Fc1ccc(-c2ccnc(Nc3ccc(CN4CCOCC4)cc3)n2)cc1,19.74,0.8
COc1cccc(Nc2cc(C)nc3ccc(C(N)=O)cc23)c1,21.51,1.69
CNC(=O)c1ccc2nc(C)cc(Nc3cccc(OC)c3)c2c1,30.7,1.05
COc1ccc2c(C(=O)N3CCC(Oc4ccc(Cl)cn4)CC3)n[nH]c2c1,14.01,0.84
O=C(c1n[nH]c2ccccc12)N1C2CCC1CC(Oc1ccc(Cl)cc1)C2,4.56,0.92
O=C(c1n[nH]c2ccccc12)N1[C@@H]2CC[C@H]1CC(Oc1ccc(Cl)cc1)C2,1.11,0.91
COc1cccc2c1[nH]c1c(=O)n(CCCN3CCCCC3)ccc12,22.7,0.77
O=c1c2[nH]c3c(OC(F)(F)F)cccc3c2ccn1CCCN1CCCCC1,23.77,0.81
O=c1c2[nH]c3ccc(OC(F)(F)F)cc3c2ccn1CCCN1CCCCC1,14.24,0.84
O=c1c2[nH]c3ccc(Cl)cc3c2ccn1CCCN1CCCCC1,10.66,0.78
O=c1c2[nH]c3ccc(C(F)(F)F)cc3c2ccn1CCCN1CCCCC1,16.4,0.46
COc1cccc(-c2cc(C(=O)NCCCN3CCCCC3)on2)c1,31.85,0.94
COc1cccc(-c2cc(C(=O)NCCN3CCCCC3)on2)c1,29.36,0.84
Cn1cc(C(=O)N2CCC(Nc3ccc(Cl)cc3)CC2)c2ccccc21,12.3,1.09
CN(c1ccc(Cl)cc1)C1CCN(C(=O)c2cn(C)c3ccccc23)CC1,5.92,1.11
Cn1cc(C(=O)N2CCN(Cc3ccc(Cl)cc3)CC2)c2ccccc21,25.25,0.83
Nc1c[nH]nc1C(=O)N1CCC(Oc2ccc(Cl)cc2)CC1,39.38,0.91
O=C(c1n[nH]c2ccccc12)N1CCC2(CC1)CCN2c1ccc(Cl)cc1,8.44,1.53
O=C(c1n[nH]c2ccccc12)N1CC2CCC(C1)N2Cc1ccc(Cl)cc1,17.76,1.08
O=C(c1n[nH]c2ccccc12)N1CCC(c2ccc(CN3CCC3)cc2)CC1,22.44,1.1
COc1ccc2[nH]c3c(=O)n(CCCN4CCCCC4)cc(Cl)c3c2c1,11.05,0.57
COc1ccc2[nH]c3c(=O)n(CCN4CCCCC4)cc(Cl)c3c2c1,12.98,0.62
COC1CN(CC#CCN2CCN(C(=O)c3cn(C)c4ccccc34)CC2)C1,18.14,1.59
COc1ccc2[nH]c3c(=O)n(CC[C@@H](C)N4CCCCC4)cnc3c2c1,29.46,0.72
COc1ccc2[nH]c3c(=O)n(CC[C@H](C)N4CCCCC4)cnc3c2c1,31.84,0.63
O=c1c2[nH]c3c(Cl)cccc3c2ccn1CCCN1CCCCC1,28.36,0.51
Nc1cc2ccncc2cc1-n1cc(OCCN2CCCCC2)cn1,21.83,1.14
Nc1ccc(OCCN2CCCCC2)cc1-c1cc2cnccc2cn1,36.38,0.92
Nc1cc2ccncc2cc1-n1ccc(OCCN2CCCCC2)n1,25.05,0.72
Nc1cc2c(cc1-n1ccc(OCCN3CCCCC3)n1)NC(=O)CC2,14.67,1.83
Fc1cccc(-c2ccnc(Nc3ccc(CN4CCOCC4)cn3)n2)c1,26.49,1.03
Fc1cccc(-c2ccnc(Nc3ccc(N4CCOCC4)cc3)n2)c1,10.25,1.07
CN1CCC(c2ccc(Nc3nccc(-c4cccc(F)c4)n3)cc2)CC1,5.62,0.85
CN1CCN(c2ccc(Nc3nccc(-c4cccc(F)c4)n3)cc2)CC1,11.62,0.87
CN(C)Cc1ccc(Nc2nccc(-c3cccc(F)c3)n2)cc1,18.01,0.72
O=C(c1ccc(Nc2nccc(-c3cccc(F)c3)n2)cc1)N1CCOCC1,37.31,0.9
CN1CCC(c2ccc(Nc3nccc(-c4cc(F)cc(N5CCOCC5)c4)n3)cc2)CC1,4.51,1.06
CN1CCC(c2cccc(Nc3nccc(-c4cc(F)cc(N5CCOCC5)c4)n3)c2)CC1,3.92,0.79
CN1CCN(c2ccc(Nc3nccc(-c4cc(F)cc(N5CCOCC5)c4)n3)cc2)CC1,10.02,1.05
Fc1cc(-c2ccnc(Nc3cccc(N4CCNCC4)c3)n2)cc(N2CCOCC2)c1,4.85,0.93
CN1CCN(c2cccc(Nc3nccc(-c4cc(F)cc(N5CCOCC5)c4)n3)c2)CC1,6.13,0.73
Fc1cccc(-c2ccnc(Nc3ccc(CN4CCOCC4)nc3)n2)c1,38.43,0.92
Fc1cccc(-c2cccc(Nc3ccc(C4CCNCC4)cc3)n2)c1,0.88,1.53
O=C(c1n[nH]c2ccccc12)N1CCC(Oc2ccc(C(F)F)cc2)CC1,26.23,0.89
O=C(c1n[nH]c2ccccc12)N1CCN(c2ccc(CN3CCC3)cc2)CC1,30.95,1.22
O=C(c1n[nH]c2ccccc12)N1CCN(c2ccc(CN3CC(F)C3)cc2)CC1,35.74,1.04
COc1ccc2[nH]c3c(=O)n(C[C@H](C)CN4CCCCC4)cnc3c2c1,31.26,0.9
COc1ccc2[nH]c3c(=O)n(C[C@@H](C)CN4CCCCC4)cnc3c2c1,26.33,0.89
O=c1c2[nH]cc(-c3ccccc3)c2ncn1CCCN1CCCCC1,25.16,0.82
O=c1c2[nH]cc(-c3ccccc3)c2ncn1CCN1CCCCC1,28.89,0.66
O=c1c2[nH]cc(-c3cccnc3)c2ncn1CCCN1CCCCC1,16.07,2.23
O=c1c2[nH]cc(-c3cccnc3)c2ncn1CCN1CCCCC1,29.34,1.12
COc1ccc2[nH]c3c(=O)n(CC(C)(C)CN4CCCCC4)cnc3c2c1,29.89,0.85
NC(=O)Cc1cccc(Nc2nccc(-c3cc(F)cc(N4CCOCC4)c3)n2)c1,20.38,2.19
Fc1cc(-c2cccc(Nc3ccc(N4CCNCC4)cc3)n2)cc(N2CCOCC2)c1,1.18,4.24
Fc1cc(-c2cccc(Nc3cccc(C4CCNCC4)c3)n2)cc(N2CCOCC2)c1,1.05,6.74
CN1CCC(c2ccc(Nc3cccc(-c4cccc(F)c4)n3)cc2)CC1,0.75,2.07
CN1CCN(c2ccc(Nc3cccc(-c4cccc(F)c4)n3)cc2)CC1,2.81,1.57
Fc1cccc(-c2cccc(Nc3ccc(N4CCNCC4)cc3)n2)c1,1.71,1.87
Fc1cccc(-c2cccc(Nc3cccc(C4CCNCC4)c3)n2)c1,0.96,4.06
Fc1cccc(-c2cccc(Nc3cccc(N4CCNCC4)c3)n2)c1,2.14,1.49
CN1CCN(c2ccc(OC3CCN(C(=O)c4n[nH]c5ccccc45)CC3)cc2)CC1,27.14,0.8
O=C(c1n[nH]c2ccccc12)N1CCC(Oc2ccc(CN3CC(F)C3)cc2)CC1,42.69,0.77
O=C(c1n[nH]c2ccncc12)N1CCC(Oc2ccc(Cl)cc2)CC1,45.58,0.87
O=C(c1n[nH]c2cccnc12)N1CCC(Oc2ccc(Cl)cc2)CC1,30.81,1.5
COc1ccc2[nH]c3c(=O)n(CC4(CN5CCCCC5)CC4)ccc3c2c1,30.65,0.82
COCC1CN(Cc2ccc(N3C4CC3CN(C(=O)c3cn(C)c5ccccc35)C4)cc2)C1,6.57,5.48
O=c1c2[nH]c3cccc(Cl)c3c2ccn1CCCN1CCCCC1,22.85,0.66
CN1CCC(c2cccc(Nc3cccc(-c4cccc(F)c4)n3)c2)CC1,1.21,1.5
CN1CCN(c2cccc(Nc3cccc(-c4cccc(F)c4)n3)c2)CC1,1.67,1.2
c1cc2ccc(-n3cc(OCCCN4CCCC4)cn3)cc2cn1,24.33,0.92
CN(C)Cc1ccc(Nc2cccc(-c3cccc(F)c3)n2)cc1,6.89,0.8
Fc1cncc(-c2cccc(Nc3ccc(CN4CCOCC4)cc3)n2)c1,31.26,0.77
c1cncc(-c2cccc(Nc3ccc(CN4CCOCC4)cc3)n2)c1,30.26,0.92
Fc1cccc(-c2cccc(Nc3ccc(CN4CCOCC4)cn3)n2)c1,24.6,1.03
Fc1cccc(-c2cccc(Nc3ccc(CN4CCOCC4)nc3)n2)c1,25.19,0.77
O=C(c1c[nH]c2ccccc12)N1CCC(Oc2ccc(C(F)(F)F)cc2)CC1,4.15,2.0
Cc1ccc2[nH]cc(C(=O)N3CCC(Nc4ccc(Cl)cc4)CC3)c2c1,5.61,2.09
O=C(c1n[nH]c2ccccc12)N1C2CC1CN(Cc1ccc(Cl)cc1)C2,20.82,1.14
O=C(c1n[nH]c2ccccc12)N1CCC(c2ccc(Cl)cc2)CC1,9.82,0.44
O=C(c1n[nH]c2cnccc12)N1CCC(Oc2ccc(Cl)cc2)CC1,27.15,1.13
O=C(c1ccc(Cl)cc1)N1CCN(C(=O)c2n[nH]c3ccccc23)CC1,31.23,1.39
Cc1ccc2[nH]nc(C(=O)N3CCN(S(=O)(=O)c4ccc(Cl)cc4)CC3)c2c1,24.4,1.34
Cc1ccc2[nH]nc(C(=O)N3CCC(Oc4ncc(Cl)cn4)CC3)c2c1,45.84,1.04
COCC1CN(Cc2ccc(N3C4CC3CN(C(=O)c3cn(C)c5ncccc35)C4)cc2)C1,3.79,7.77
COCC1CN(Cc2ccc(N3CCN(C(=O)c4cnc5ccccn45)CC3)cc2)C1,29.88,1.3
COCC1CN(Cc2ccc(N3CC4CC3CN4C(=O)c3cn(C)c4ccccc34)cc2)C1,15.99,2.37
CN1CCN(CCCOc2cnn(-c3ccc4ccncc4c3)c2)CC1,19.36,1.16
COC1CCN(CCOc2cnn(-c3ccc4ccncc4c3)c2)CC1,21.52,1.04
NC(=O)Cc1cccc(Nc2cccc(-c3cccnc3)n2)c1,8.66,4.75
NC(=O)Cc1ccnc(Nc2cccc(-c3cccnc3)n2)c1,4.77,6.81
O=C(c1n[nH]c2ccccc12)N1CCC(N[C@@H](C2CC2)C(F)(F)F)CC1,27.61,1.47
O=C(c1n[nH]c2ccccc12)N1CCC(c2ccc(CN3CC(F)C3)cc2)CC1,30.79,0.78
O=C(c1c[nH]c2ccccc12)N1CCN(Cc2ccc(C(F)(F)F)cc2)CC1,17.17,2.31
O=C(c1n[nH]c2ccccc12)N1CC2CC(C1)N2Cc1ccc(Cl)cc1,31.72,1.08
O=C1CN(C(=O)c2n[nH]c3ccccc23)CCN1Cc1ccc(Cl)cc1,22.85,2.22
Cc1ccc2[nH]nc(C(=O)N3CCN(C(=O)c4ccc(Cl)cc4)CC3)c2c1,19.5,3.67
Cc1ccc2[nH]nc(C(=O)N3CCN(Cc4ccc(Cl)cc4)C(=O)C3)c2c1,20.2,3.64
Cc1ccc2[nH]nc(C(=O)N3CCCN(C(=O)c4ccc(Cl)cc4)CC3)c2c1,28.65,2.57
O=C(c1n[nH]c2ccccc12)N1CCC(Oc2ccc(C3CC3)cc2)CC1,8.23,1.99
COCC1CN(Cc2ccc(N3CC4CC(C3)N4C(=O)c3cn(C)c4ncccc34)cc2)C1,4.29,4.69
COCC1CN(Cc2ccc(N3CC4CC(C3)N4C(=O)c3cn(C)c4ccccc34)cc2)C1,8.58,2.14
COCC1CN(Cc2ccc(N3CCN(C(=O)c4cn(C)c5ncc(C(F)(F)F)cc45)CC3)cc2)C1,12.98,1.74
COCC1CN(Cc2ccc(N3CCN(C(=O)c4cn(C)c5ncc(Cl)cc45)CC3)cc2)C1,16.4,1.42
COCC1CN(Cc2ccc(N3CCN(C(=O)c4cn(C)c5nccnc45)CC3)cc2)C1,5.38,3.44
COCC1CN(Cc2ccc(-c3c(C(=O)N4C[C@@H](C)N[C@@H](C)C4)c4cccnc4n3C)cc2)C1,0.68,13.93
CN1CCC(c2ccc(Nc3cccc(-c4cccc(F)c4)n3)cc2)C1,4.65,0.7
CN(C)CCc1ccc(Nc2cccc(-c3cccc(F)c3)n2)cc1,9.29,0.64
O=C(c1n[nH]c2ccccc12)N1CC2CC1CN2Cc1ccc(Cl)cc1,30.06,1.0
O=C(c1n[nH]c2ccccc12)N1CCc2c(ncn2Cc2cccc(Cl)c2)C1,26.44,1.11
O=C(c1n[nH]c2ccccc12)N1CCc2c(ncn2-c2ccc(Cl)cc2)C1,19.56,1.01
Cc1ccc2[nH]nc(C(=O)N3CCCN(Cc4ccc(Cl)cc4)C(=O)C3)c2c1,19.83,1.15
O=C(c1n[nH]cc1-c1ccccc1)N1CCC(Oc2ccc(CO)cc2)CC1,5.32,1.47
CN(C)Cc1ccc(OC2CCN(C(=O)c3n[nH]cc3-c3ccccc3)CC2)cc1,5.2,5.7
O=C(c1n[nH]cc1-c1ccccc1)N1CCC(Oc2ccc(C(F)F)cc2)CC1,9.8,0.97
COCC1CN(Cc2ccc(N3CCN(C(=O)c4cn(C)c5ncc(F)cc45)CC3)cc2)C1,24.04,1.24
COCC1CN(Cc2ccc(N3CCN(C(=O)c4cn(C)c5nc(Cl)ccc45)CC3)cc2)C1,26.99,0.86
COCC1CN(Cc2ccc(N3CCN(C(=O)c4cn(C)c5ccc(F)cc45)CC3)cc2)C1,28.09,0.75
COC1CN(Cc2ccc(N3CCN(C(=O)c4cn(C)c5ccc(F)cc45)CC3)cc2)C1,30.39,1.21
COCCCN[C@@H](C)COc1cnn(-c2ccc3ccncc3c2)c1,32.62,0.75
NC(=O)Cc1cccc(Nc2cccc(-c3cccnc3)n2)n1,23.44,1.58
NC(=O)Cc1cc(Nc2cccc(-c3cccnc3)n2)ccn1,1.57,24.85
NC(=O)Cc1cncc(Nc2cccc(-c3cccnc3)n2)c1,0.94,43.64
Fc1cccc(-c2ccnc(Nc3ccc(CC4CCNCC4)cc3)n2)c1,3.17,1.03
CC(=O)Nc1ccc(Nc2nccc(-c3cccc(F)c3)n2)cc1,31.01,0.82
Fc1cccc(-c2ccnc(Nc3ccc(CN4CCOCC4)cc3)n2)c1F,7.95,0.6
Fc1ccc(F)c(-c2ccnc(Nc3ccc(CN4CCOCC4)cc3)n2)c1,8.59,0.6
c1cc2ccc(-n3ccc(OCCN4CCCCC4)n3)cc2cn1,31.23,0.76
Cc1ccc2[nH]nc(C(=O)N3CCC(=O)N(Cc4ccc(Cl)cc4)CC3)c2c1,27.69,0.82
O=C(c1n[nH]cc1-c1cccnc1)N1CCC(Oc2ccc(Cl)cc2)CC1,25.63,1.06
c1cc(CCNc2ccnc(Nc3ccc(N4CCOCC4)cc3)n2)ccn1,29.22,1.43
O=C(c1n[nH]cc1-c1ccccc1)N1CCC(Oc2cccc(CO)c2)CC1,17.77,1.23
CN(C)Cc1cccc(OC2CCN(C(=O)c3n[nH]cc3-c3ccccc3)CC2)c1,8.11,3.93
O=C(c1n[nH]cc1-c1ccccc1)N1CCC(Oc2cccc(C(F)F)c2)CC1,15.94,0.61
O=C(c1n[nH]cc1-c1ccc(CO)cc1)N1CCC(Oc2ccc(Cl)cc2)CC1,13.22,2.13
CN(C)Cc1ccc(-c2c[nH]nc2C(=O)N2CCC(Oc3ccc(Cl)cc3)CC2)cc1,17.29,2.06
O=C(c1n[nH]cc1-c1ccccc1)N1CCC(Nc2ccc(Cl)cc2)CC1,25.89,0.81
COc1ccc2[nH]c3c(=O)n(C4(CCN5CCCCC5)CC4)cnc3c2c1,22.65,1.28
COCC1CN(Cc2ccc(N3C[C@@H]4CC[C@H]3CN4C(=O)c3cn(C)c4ncccc34)cc2)C1,15.26,1.96
COCC1CN(Cc2ccc(N3CCN(C(=O)c4cn(C)c5ncc(OC)cc45)CC3)cc2)C1,16.01,2.65
COCC1CN(Cc2ccc(N3CCN(C(=O)c4cn(C)c5ccncc45)CC3)cc2)C1,2.17,11.08
COCC1CN(Cc2ccc(N3CCN(C(=O)c4cn(C)c5nc(OC)ccc45)CC3)cc2)C1,26.11,0.84
COCC1CN(Cc2ccc(N3CCN(C(=O)c4cn(C)c5ncncc45)CC3)cc2)C1,5.33,5.79
CO[C@@H]1CCN(Cc2ccc(N3CCN(C(=O)c4cn(C)c5ncccc45)CC3)cc2)C1,26.18,0.98
COC[C@H]1COCCN1Cc1ccc(N2CCN(C(=O)c3cn(C)c4ncccc34)CC2)cc1,35.68,1.08
CO[C@H]1CCN(Cc2ccc(N3CCN(C(=O)c4cn(C)c5ncccc45)CC3)cc2)C1,29.73,1.29
c1cc2ccc(-n3cc(OC4CCNCC4)cn3)cc2cn1,20.23,1.48
c1cc2ccc(-n3cc(OC4CNC4)cn3)cc2cn1,33.0,0.81
CN1C(=O)CCc2ccc(-c3ccc(OCCN4CCCCC4)cn3)cc21,29.54,0.94
c1cc(-c2ccnc(Nc3ccc(C4CCNCC4)cc3)n2)cc(N2CCOCC2)c1,9.54,1.26
c1cc(-c2ccnc(Nc3ccc(N4CCNCC4)cc3)c2)cc(N2CCOCC2)c1,9.52,0.82
c1cc(Nc2cc(-c3cccc(N4CCOCC4)c3)ccn2)cc(C2CCNCC2)c1,2.55,4.21
c1cc(-c2ccnc(Nc3ccc(C4CCNCC4)cc3)c2)cc(N2CCOCC2)c1,4.05,1.41
c1cc(CN2CCOCC2)cc(Nc2cc(-c3cccc(N4CCOCC4)c3)ccn2)c1,13.86,1.17
CN(c1ccc(CN2CCOCC2)cc1)c1nccc(-c2cccc(F)c2)n1,13.25,0.98
O=C(c1n[nH]cc1-c1cncnc1)N1CCC(Oc2ccc(Cl)cc2)CC1,27.9,1.45
O=C(c1[nH]ccc1-c1ccccc1)N1CCC(Oc2ccc(Cl)cc2)CC1,2.0,1.07
O=C(c1n[nH]cc1C1CCCCC1)N1CCC(Oc2ccc(Cl)cc2)CC1,2.7,0.97
O=C(c1n[nH]cc1C1=CCCCC1)N1CCC(Oc2ccc(Cl)cc2)CC1,3.92,0.8
O=C(c1n[nH]cc1C1=CCOCC1)N1CCC(Oc2ccc(Cl)cc2)CC1,36.89,0.94
O=C(c1n[nH]cc1C1CCCC1)N1CCC(Oc2ccc(Cl)cc2)CC1,7.61,0.76
O=C(c1n[nH]cc1C1=CCCC1)N1CCC(Oc2ccc(Cl)cc2)CC1,6.43,0.87
COCC1CN(Cc2ccc(N3C[C@H]4CC[C@@H]3CN4C(=O)c3cn(C)c4ncccc34)cc2)C1,6.28,5.81
CCOc1ccc2c(c1)[nH]c1c(=O)n(CCCN3CCCCC3)ccc12,14.57,1.31
COCC1CN(Cc2ccc(N3CCN(C(=O)c4cn(C)c5ncccc45)CC3)cc2F)C1,21.8,1.44
COC[C@@H]1CCCN1Cc1ccc(N2CCN(C(=O)c3cn(C)c4ncccc34)CC2)cc1,18.94,1.56
CCOc1ccc2[nH]c3c(=O)n(CCCN4CCCCC4)cnc3c2c1,18.63,1.34
CCn1c2ccc(O)cc2c2ncn(CCCN3CCCCC3)c(=O)c21,22.24,1.59
CCOc1ccc2c(c1)c1ncn(CCCN3CCCCC3)c(=O)c1n2CC,14.68,1.27
COC[C@H]1CCCN1Cc1ccc(N2CCN(C(=O)c3cn(C)c4ncccc34)CC2)cc1,21.79,1.13
COCC1CN(Cc2ccc(N3CCN(C(=O)c4cn(C)c5ncccc45)CC3)c(F)c2)C1,32.48,1.27
COC[C@@H]1COCCN1Cc1ccc(N2CCN(C(=O)c3cn(C)c4ncccc34)CC2)cc1,40.16,0.91
CN1CCCCC1c1ccc(Nc2cccc(-c3cccc(F)c3)n2)cc1,2.81,0.83
CN1CCC(Cc2ccc(Nc3cccc(-c4cccnc4)n3)cc2)CC1,21.22,0.84
O=C1CCc2ccc(-c3cccc(OCCN4CCCCC4)n3)cc2N1,43.26,0.76
COCc1ccc(OC2CCN(C(=O)c3n[nH]cc3-c3ccccc3)CC2)cc1,34.26,1.15
O=C(c1n[nH]cc1-c1ccccc1)N1CCC(Oc2ccccc2Cl)CC1,9.91,1.03
CC(C)(C)OC(=O)N1CC=C(c2c[nH]nc2C(=O)N2CCC(Oc3ccc(Cl)cc3)CC2)CC1,4.48,1.19
O=C(c1[nH]nc2ccccc12)N1CCC(Oc2ccc(C(F)(F)F)nc2)CC1,40.4,0.97
O=C(c1[nH]ncc1-c1ccccc1)N1CCC(Oc2ccc(Cl)nc2)CC1,36.11,1.15
O=C(c1n[nH]cc1-c1ccccc1)N1CCC(Oc2ccc(C(F)(F)F)nc2)CC1,32.43,1.18
CCOc1ccc2c3ccn(CCCN4CCCCC4)c(=O)c3n(C)c2c1,16.92,0.7
Cn1c2ccccc2c2c(Cl)cn(CCCN3CCCCC3)c(=O)c21,14.89,0.81
Fc1cc(-c2cccc(Nc3ccc(C4CCNCC4)cc3)n2)cc(N2CCOCC2)c1,0.82,2.27
CN1CCC(c2ccc(Nc3cccc(-c4cc(F)cc(N5CCOCC5)c4)n3)cc2)CC1,1.55,0.71
CN1CCC(c2cccc(Nc3cccc(-c4cc(F)cc(N5CCOCC5)c4)n3)c2)CC1,0.93,1.15
c1cc(Nc2ccc(CN3CCOCC3)cc2)nc(-c2cnccn2)c1,35.49,0.93
Cc1[nH]nc(C(=O)N2CCC(Oc3ccc(Cl)cc3)CC2)c1-c1ccccc1,4.96,1.11
O=C(c1[nH]nc2ccccc12)N1CCC(Oc2cncc(Cl)c2)CC1,38.23,1.14
O=C(c1[nH]ncc1-c1ccccc1)N1CCC(Oc2cncc(Cl)c2)CC1,26.78,1.3
COCC1CN(Cc2ccc(N3CCN(C(=O)c4cn(C)c5ncccc45)CC3)cc2C(F)(F)F)C1,27.02,0.91
COc1cccc2c1c1ccn(CCCN3CCCCC3)c(=O)c1n2C,28.98,0.63
COc1ccc2c3ccn(CCCN4CCCCC4)c(=O)c3n(C)c2c1,27.06,0.74
c1cc(OCCN2CCCCC2)cc(-c2ccc3ccncc3n2)c1,27.54,0.7
c1cc2ccc(-n3cc(OCCNC4CCOCC4)cn3)cc2cn1,26.0,0.75
FC1(F)CCC(NCCOc2cnn(-c3ccc4ccncc4c3)c2)CC1,24.36,0.59
C[C@@H](COc1cnn(-c2ccc3ccncc3c2)c1)NC1CCC(F)(F)CC1,17.97,0.56
c1cc2ccc(-n3cc(OCC4CCN4)cn3)cc2cn1,41.28,0.89
CN1C(=O)CCc2ccc(-c3cccc(OCCN4CCCCC4)n3)cc21,41.91,0.66
O=C(c1[nH]nc2ccccc12)N1CCC(Oc2cccnc2C(F)(F)F)CC1,45.24,1.06
O=C(c1[nH]ncc1C1CC1)N1CCC(Oc2ccc(Cl)cc2)CC1,40.94,0.96
CCc1ncccc1OC1CCN(C(=O)c2[nH]nc3ccccc23)CC1,39.93,0.81
O=C(c1n[nH]cc1-c1ccccc1)N1CCC(Oc2cccnc2C(F)(F)F)CC1,30.44,1.54
CCc1ncccc1OC1CCN(C(=O)c2[nH]ncc2-c2ccccc2)CC1,29.65,1.44
Cn1cnc2ccc(OC3CCN(C(=O)c4[nH]nc5ccccc45)CC3)cc21,32.47,1.29
COCC1CN(Cc2ccc(N3CCN(C(=O)c4cn(C)c5nc(C6CC6)ccc45)CC3)cc2)C1,27.94,0.84
COC1(C)CN(Cc2ccc(N3CCN(C(=O)c4cn(C)c5ncccc45)CC3)cc2C(F)(F)F)C1,33.56,0.86
O=C1CCc2ccc(-c3cc(OCCN4CCCCC4)ccn3)cc2N1,41.33,0.86
CN1C(=O)CCc2ccc(-c3cc(OCCN4CCCCC4)ccn3)cc21,43.8,0.76
c1cc(Nc2ccc(CN3CCOCC3)cc2)nc(-c2cncnc2)c1,51.41,0.88
Cn1cnc2ccc(-c3c[nH]nc3C(=O)N3CCC(Oc4ccc(Cl)cc4)CC3)cc21,6.23,8.56
O=C(c1[nH]ncc1-c1ccc2ocnc2c1)N1CCC(Oc2ccc(Cl)cc2)CC1,15.17,1.12
CN1CCC[C@@H](Cn2cnc3c4cc(OCC(F)F)ccc4n(C)c3c2=O)C1,29.92,0.73
COc1ccc2[nH]c3c(=O)n(C[C@@H]4CCN(C)C4)cnc3c2c1,24.59,1.43
O=c1c2[nH]c3cc(F)ccc3c2ccn1CCCN1CCCCC1,35.22,0.81
C[C@H](N)COc1cnn(-c2ccc3ccncc3c2)c1,40.44,0.73
Fc1cccc(-c2ccnc(Nc3ccc(NC4CCOCC4)cc3)n2)c1,28.79,0.71
c1cc(-c2ccnc(Nc3ccc(CN4CCOCC4)cc3)n2)cnn1,40.04,0.52
O=c1ccc(-c2cccc(Nc3ccc(CN4CCOCC4)cc3)n2)c[nH]1,20.11,2.34
Nc1cc(OCCN2CCCCC2)ccc1-c1ccc2ccncc2c1,24.74,0.84
COc1cccc2c1c1ccn(C[C@@H]3CCCN(C)C3)c(=O)c1n2C,28.0,0.77
O=C(c1n[nH]cc1-c1ccccc1)N1[C@@H]2CC[C@H]1C[C@H](Oc1ccc(Cl)cc1)C2,10.08,1.4
Cn1ccc(-c2c[nH]nc2C(=O)N2CCC(Oc3ccc(Cl)cc3)CC2)n1,33.17,1.11
CN1CC(Cc2ccc(Nc3cccc(-c4cccc(F)c4)n3)cc2)C1,2.77,0.84
Fc1cccc(-c2ccnc(Nc3ccc(NC4CCNCC4)cc3)n2)c1,10.27,1.33
Nc1cc2ccncc2cc1-c1ccc(OCCN2CCCCC2)cc1,11.13,0.62
O=C(c1n[nH]c2cccnc12)N1[C@@H]2CC[C@H]1C[C@H](Oc1ccc(Cl)cc1)C2,32.47,0.98
O=C(c1n[nH]c2cc(OC(F)(F)F)ccc12)N1CCC(Oc2cncc(Cl)c2)CC1,15.1,0.53
O=C(c1n[nH]c2cccnc12)N1CCC(Oc2cncc(Cl)c2)CC1,13.19,2.72
O=C(c1n[nH]c2cccnc12)N1CCC(Nc2cncc(Cl)c2)CC1,0.93,53.16
COCC1CN(Cc2cccc(N3CCN(C(=O)c4cn(C)c5ncccc45)CC3)c2)C1,19.04,2.08
COC1CN(Cc2cccc(N3CCN(C(=O)c4cn(C)c5ncccc45)CC3)c2)C1,19.3,1.72
CN1CCC[C@@H](Cn2ccc3c([nH]c4ccc(OCC(F)F)cc43)c2=O)C1,13.6,1.44
c1cc2ccc(-c3ccc(OCCCN4CCCCC4)cc3)cc2cn1,12.69,0.6
COc1cncc(-c2cn(C)c3ccc(OC4CCNC4)cc23)c1,14.06,1.96
c1cc2ccc(-c3ccc(OCCCN4CCCC4)cc3)cc2cn1,17.94,0.62
O=C(c1[nH]nc2cccnc12)N1C[C@H]2C[C@H](Oc3ccc(Cl)cc3)C[C@H]2C1,24.47,1.02
O=C(c1n[nH]c2ccccc12)N1CCC(Nc2ccccc2)CC1,46.82,0.93
O=C(c1c[nH]c2cccnc12)N1CCC(Nc2ccc(Cl)cc2)CC1,35.57,1.53
O=C(c1n[nH]c2cccnc12)N1CCC(Oc2cccnc2C(F)(F)F)CC1,9.08,6.27
O=c1c2[nH]c3c(F)cccc3c2ncn1CCCN1CCCCC1,28.46,1.01
COc1ccc2[nH]c3c(=O)n([C@H](C)CCN4CCCCC4)ccc3c2c1,26.79,1.05
COc1ccc2[nH]c3c(=O)n([C@@H](C)CCN4CCCCC4)ccc3c2c1,22.88,0.98
CCOc1ccc2[nH]c3c(=O)n(C[C@@H]4CCCN(C)C4)cnc3c2c1,28.86,1.05
COCC1CN(Cc2ccc(N3CCN(C(=O)c4cn(C)c5ncccc45)C[C@H]3C)cc2)C1,15.57,2.68
CN1CCC[C@@H](Cn2ccc3c([nH]c4ccc(OCC5COC5)cc43)c2=O)C1,7.92,6.01
O=C(c1n[nH]cc1-c1coc(C(F)(F)F)c1)N1CCC(Oc2ccc(Cl)cc2)CC1,1.72,1.19
COc1ccc2[nH]c3c(=O)n(CCCN4CCCCC4)ccc3c2n1,26.59,1.51
COc1cc2[nH]c3c(=O)n(CCCN4CCCCC4)ccc3c2cc1F,24.79,1.09
CCOc1ccc2[nH]c3c(=O)n(C[C@@H]4CCN(C)C4)cnc3c2c1,24.48,1.77
COc1cncc(-c2cn(C)c3ccc(OC4CCN(C)C4)cc23)c1,27.35,0.58
c1cc2ccc(-c3ccc(OCCN4CCCC4)cc3)cc2cn1,29.29,0.58
COCCNC(=O)c1ccc(-c2ccc3ccncc3c2)cc1,31.5,1.25
CNc1cc2ccncc2cc1-c1ccc(OCCN2CCCCC2)cn1,6.92,0.79
CNc1cc2ccncc2cc1-c1ccc(OCCN2CCCCC2)cc1,8.35,0.82
COc1cncc(-c2cn(C)c3ccc(OCC4CNC4)cc23)c1,9.49,4.45
COc1cncc(-c2cn(C)c3ccc(OC4CNC4)cc23)c1,27.34,1.11
COc1cncc(-c2cn(C)c3ccc(OC4CN(C)C4)cc23)c1,33.76,0.65
COc1ccc2c(c1)[nH]c1c(=O)n(CCCN3CCCCC3)ncc12,35.53,0.81
COCC1CN([C@@H](COC)c2ccc(N3CCN(C(=O)c4cn(C)c5ncccc45)CC3)cc2)C1,20.89,2.06
COCC1CN([C@H](COC)c2ccc(N3CCN(C(=O)c4cn(C)c5ncccc45)CC3)cc2)C1,22.99,1.71
CC[C@@H](c1ccc(N2CCN(C(=O)c3cn(C)c4ncccc34)CC2)cc1)N1CC(COC)C1,22.5,1.59
COc1ccc(-c2cc(C(=O)N3CCC(Oc4cncc(Cl)c4)CC3)n[nH]2)cc1OC,4.39,2.39
COc1cncc(-c2cn(C)c3ccc(OC[C@H](C)NC4CCOCC4)cc23)c1,24.24,0.74
CC(C)Nc1ccc(-c2cn(C)c3ccc(OCCCN4CCCC4)cc23)cn1,10.89,0.5
Fc1cccc(-c2cccc(Nc3ccc(CCN4CC(F)(F)C4)cc3)n2)c1,0.77,2.98
Fc1cccc(-c2cccc(Nc3ccc(CCN4CCC4)cc3)n2)c1,3.82,1.56
CC(=O)N[C@@H](C)COc1cccc(-c2ccc3c(c2)NC(=O)CC3)c1,29.52,1.1
COc1ccc(-c2cc(C(=O)N3CCC(Oc4cncc(Cl)c4)CC3)n[nH]2)c(OC)c1,2.52,1.6
c1cc2ccc(-c3ccc(OCCN4CCNCC4)cc3)cc2cn1,15.97,1.4
CNCCOc1ccc(-c2ccc3ccncc3c2)cc1,4.14,1.76
c1ncc2cc(-c3ccc(OCCN4CCCCC4)cc3)ccc2n1,4.96,1.81
CC(=O)NCCOc1ccc(-c2ccc3ccncc3c2)cc1,20.95,0.62
c1cnc2cc(-c3ccc(OCCN4CCCCC4)cc3)ccc2c1,2.52,2.15
Nc1ccc(OCCN2CCCCC2)cc1-c1cc(-c2ccncc2)ccn1,15.34,1.55
COc1ccc2c(c1)c1ncn(C[C@H]3CCN(C)C3)c(=O)c1n2C,36.79,0.77
O=c1c2[nH]c3c(F)cccc3c2ccn1CCCN1CCCCC1,31.89,0.9
O=C1CCc2cc(-n3ccc(OCC4CNC4)n3)ccc2N1,0.46,4.21
CNC(=O)Cc1cccc(Nc2cccc(-c3cccnc3)n2)n1,16.43,2.01
CC(=O)Nc1cccc(Nc2cccc(-c3cccnc3)n2)n1,22.0,0.63
O=C(c1n[nH]cc1-c1ccc2c(c1)OCO2)N1CCC(Oc2cncc(Cl)c2)CC1,6.22,2.45
COc1ccc(Nc2nccc(N(CCc3ccncc3)C3CC3)n2)cc1,40.18,0.58
Cc1ncc(COc2ccc3c(c2)c2ccn(CCCN4CCCCC4)c(=O)c2n3C)o1,21.39,0.74
Cn1c2ccc(OCc3cn[nH]c3)cc2c2ccn(CCCN3CCCCC3)c(=O)c21,20.14,2.26
Cn1c2cc(Cl)ccc2c2cc(=O)n(CCCN3CCCCC3)nc21,30.89,0.67
COc1cc(C(F)(F)F)c2[nH]c3c(=O)n(CCCN4CCCCC4)ccc3c2c1,22.34,0.5
CN(c1cccc(-c2cccc(F)c2)n1)c1ccnn1CC1CCNCC1,2.28,4.31
O=C(c1n[nH]cc1C1CC1)N1CCC(Oc2ccc(Br)cc2)CC1,3.46,1.23
O=C(c1n[nH]c2cccnc12)N1CCC(Oc2ccc(Br)cc2)CC1,7.89,1.69
O=C(c1n[nH]cc1-c1ccc2ncsc2c1)N1CCN(Cc2ccccc2)CC1,15.99,1.58
COc1ccccc1-c1cc(C(=O)N2CCC(Oc3cncc(Cl)c3)CC2)[nH]n1,10.2,0.71
C[C@@H](NCCn1ccc2c3ccc(F)cc3n(C)c2c1=O)[C@@H]1CCC(=O)N1,25.64,1.93
CCOc1cc2[nH]c3c(=O)n(CCCN4CCCCC4)ccc3c2cc1F,26.3,0.76
CN1CCC[C@@H](Cn2ccc3c([nH]c4cc(OCC5CC5)ccc43)c2=O)C1,16.89,0.76
CCOc1cc2[nH]c3c(=O)n(CCCN4CCCCC4)ccc3c2cn1,27.72,0.98
CC(C)NCCn1ccc2c([nH]c3cc(F)ccc32)c1=O,28.55,0.88
NC(=O)Cn1ccc(Nc2cccc(-c3cccnc3)n2)n1,11.25,2.18
O=C(c1n[nH]cc1-c1ccc2ncsc2c1)N1CCC(OC2CCNCC2)CC1,0.59,1.45
N#Cc1ccc(OC2CCN(C(=O)c3n[nH]cc3-c3ccc4ncsc4c3)CC2)cc1,3.9,5.68
NC(=O)Cc1ccnc(Nc2cccc(-c3cccnc3)n2)n1,29.37,1.22
NC(=O)Cc1cccc(Nc2cc(-c3cccnc3)ccn2)n1,6.84,5.0
CNC(=O)N1CCC(OC2CCN(C(=O)c3n[nH]cc3-c3ccc4ncsc4c3)CC2)CC1,0.36,21.47
O=C(c1n[nH]cc1-c1ccc2ncsc2c1)N1CCC(OC2CCN(C3CC3)CC2)CC1,2.56,10.69
O=C(c1n[nH]cc1C#Cc1cncs1)N1CCN(Cc2cncc(Cl)c2)CC1,6.6,4.71
COc1ccc(-c2ncc(C(=O)N3CCC(Oc4cncc(Cl)c4)CC3)[nH]2)c(OC)c1,8.94,1.38
O=c1c2[nH]c3cc(F)ccc3c2ccn1CCC1CNC1,2.35,5.68
O=c1c2[nH]c3cc(Cl)ncc3c2ccn1CCCN1CCCCC1,33.55,1.23
O=c1c2[nH]c3cc(F)ncc3c2ccn1CCCN1CCCCC1,32.22,1.02
c1ccc(-n2ccc(Nc3ccc(OCCCN4CCCC4)cc3)n2)nc1,7.5,1.76
O=C(c1n[nH]cc1C#Cc1cncs1)N1CCC(Oc2cncc(Cl)c2)CC1,5.91,4.03
CC1(O)CN(CCCn2ccc3c([nH]c4cc(F)ccc43)c2=O)C1,26.65,0.76
Cn1c2ccc(Cl)cc2c2cc(=O)n(CCCN3CCCCC3)nc21,34.92,0.64
O=c1c2[nH]c3cc(F)ccc3c2ccn1CCCC1CNC1,3.72,2.5
CNCCCn1ccc2c([nH]c3cc(F)ccc32)c1=O,25.4,0.78
O=c1c2[nH]c3cc(OCF)ccc3c2ccn1CCCN1CCCCC1,34.15,0.6
Cc1cnc2c(-c3cn[nH]c3C(=O)N3CCC(Oc4ccc(Cl)cc4)CC3)cnn2c1,6.83,2.14
O=C(c1n[nH]cc1-c1ccc2ncsc2c1)N1CCN(C2CC2)CC1,16.71,1.57
O=C(c1n[nH]cc1-c1ccc2ncsc2c1)N1CCN(CC(F)(F)F)CC1,21.1,0.96
CCN1CCN(C(=O)c2n[nH]cc2-c2ccc3ncsc3c2)CC1,7.06,2.43
Nc1cc(OCCN2CCCCC2)ccc1-c1ccc2ncncc2c1,31.02,0.8
CN(c1cccc(CC(N)=O)n1)c1cccc(-c2cccnc2)n1,28.14,1.09
NC(=O)c1cccc(Nc2cccc(-c3cccnc3)n2)n1,16.39,1.15
Clc1ccc(C2CCN(Cc3n[nH]cc3-c3ccc4ncsc4c3)CC2)cc1,1.11,1.47
Clc1ccc(N2CCN(Cc3n[nH]cc3-c3ccc4ncsc4c3)CC2)cc1,1.0,1.12
O=c1c2[nH]c3cc(OCC4CC4)ccc3c2ccn1CCCN1CCCCC1,18.57,0.84
C#Cc1cccc2c(C(=O)N3CCN(c4ccc(CN5CC(OC)C5)cc4)CC3)cn(C)c12,19.26,0.77
COC1CN(Cc2ccc(N3CCN(C(=O)c4cn(C)c5c(C#N)cccc45)CC3)cc2)C1,46.06,0.45
Cn1cc(C(=O)N2C3CC2CN(c2ccc(C4(CO)COC4)cc2)C3)c2cccnc21,14.39,3.38
CC(C)N(C)CCn1ccc2c([nH]c3cc(F)ccc32)c1=O,30.83,0.91
c1cncc(-c2cccc(Nc3ccc(CCN4CCC4)cc3)n2)c1,10.18,1.5
NC(=O)Cc1cccc(Nc2cccc(-c3cncs3)n2)n1,15.2,2.16
NC(=O)Cc1cccc(Nc2cccc(-c3cncnc3)n2)n1,6.78,5.25
NC(=O)Cc1cccc(Nc2cccc(-c3cccnc3Cl)n2)n1,15.24,1.71
c1cc2ccc(-c3ccc(OCCNC4COC4)cc3)cc2cn1,13.69,0.72
CNc1cc(OC)ncc1-c1cc(C(=O)N2CCC(Oc3cncc(Cl)c3)CC2)on1,1.63,1.41
Clc1cncc(O[C@@H]2[C@@H]3CC[C@H]2CN(Cc2n[nH]c4cccnc24)C3)c1,25.09,0.72
O=C(c1n[nH]cc1-c1ccc2ocnc2c1)N1CCC(Oc2cncc(Cl)c2)CC1,4.06,6.49
O=C(c1[nH]ncc1-c1cc2ccccc2[nH]1)N1CCC(Oc2cncc(Cl)c2)CC1,0.54,2.76
O=C(c1n[nH]cc1-c1ccn2nccc2n1)N1CCC[C@H](Oc2cncc(Cl)c2)C1,6.72,5.6
O=C(c1n[nH]cc1-c1ccn2nccc2n1)N1CCN(C2CC2)CC1,4.36,3.78
COc1cncc(OC2CCN(C(=O)c3cc(-c4ccc(OC)cc4OC)[nH]n3)CC2)c1,4.68,1.96
COc1ccc2c(c1)[nH]c1c(C(N)=O)ccnc12,37.63,1.02
COc1ccc2c(c1)[nH]c1c(C(=O)NCCCN3CCCCC3)ccnc12,35.58,0.91
O=c1c2[nH]c3cc(F)ccc3c2ccn1CCCN1CC2(CCO2)C1,36.16,0.93
CN1CCC[C@@H](Cn2nc3c(cc2=O)c2ccc(Cl)cc2n3C)C1,33.0,0.64
CN1CCC[C@@H](COc2cc3c4ccc(Cl)cc4n(C)c3nn2)C1,20.86,0.47
Cn1c2cc(Cl)ncc2c2ccn(CCCN3CCCCC3)c(=O)c21,32.58,0.7
CN1CCC[C@@H](Cn2ccc3c([nH]c4cc(C(F)(F)F)ncc43)c2=O)C1,21.56,2.25
CN1CCC[C@@H](Cn2ccc3c([nH]c4cc(Cl)ncc43)c2=O)C1,19.45,1.51
COc1cc2[nH]c3c(=O)n(C[C@@H]4CCCN(C)C4)ccc3c2cn1,21.07,1.12
CN1CCC(C(F)(F)c2ccc(Nc3cccc(-c4cccnc4)n3)cc2)CC1,0.66,1.52
COc1cncc(-c2nn(C)c3ccc(OCCCN4CCCC4)cc23)n1,6.94,1.47
c1cc(OC2CNC2)cc(-c2ccc3ccncc3c2)c1,7.69,1.54
COc1cncc(-c2cn(C)c3cnc(OCCCN4CCCC4)cc23)c1,7.47,5.84
CN(c1nccc(-c2cccc(F)c2)n1)c1ccnn1CC1CCNCC1,1.98,17.18
CC(=O)N[C@H](C)COc1cccc(-c2ccc3c(c2)NC(=O)CC3)c1,10.37,3.18
CC(=O)N[C@H](C)COc1ccc(-c2ccc3cnccc3c2)cc1,14.97,1.32
CNCCOc1ccc(-c2ccc3cncnc3c2)cc1,15.57,1.26
CNCCc1ccc(Nc2cccc(-c3cccnc3)n2)cc1,9.3,2.38
CC(C)NCCOc1ccc(-c2ccc3ccncc3c2)cc1,10.05,1.16
NC(=O)Cn1cc(Nc2cccc(-c3cccnc3)n2)cn1,3.23,10.71
NC(=O)Cn1cccc(Nc2cccc(-c3cccnc3)n2)c1=O,7.04,4.68
CC(C)C(=O)Nc1cccc(Nc2cccc(-c3cccnc3)n2)n1,14.57,0.94
O=C(Nc1cccc(Nc2cccc(-c3cccnc3)n2)n1)C1CCC1,8.41,0.64
CN1CCN(C(=O)Nc2cccc(Nc3cccc(-c4cccnc4)n3)n2)CC1,6.11,3.58
O=C(Nc1cccc(Nc2cccc(-c3cccnc3)n2)n1)N1CCOCC1,18.18,1.19
O=C(Nc1cccc(Nc2cccc(-c3cccnc3)n2)n1)C1COC1,15.54,1.4
O=C(c1n[nH]cc1-c1ccccc1)N1CCN(C(c2cncc(Cl)c2)C(F)(F)F)CC1,8.26,1.32
Cc1cnc2c(-c3cc(C(=O)N4CCC(Oc5ccc(Cl)cc5)CC4)[nH]n3)cnn2c1,1.59,0.88
Clc1ccc(Nc2n[nH]cc2-c2ccn3nccc3n2)cc1,0.39,0.47
COc1cc2ocnc2cc1-c1cc(C(=O)N2CCC(Oc3ccc(Cl)cc3)CC2)[nH]n1,0.16,1.76
O=C(c1n[nH]cc1-c1ccc2scnc2c1)N1CCC(OC2CCN(C3CC3)CC2)CC1,1.7,12.44
O=C(c1n[nH]cc1C#Cc1cncs1)N1CCC(OC2CCN(C3CC3)CC2)CC1,6.48,4.48
O=C(c1n[nH]cc1-c1ccc(F)cc1)N1CCC(OC2CCN(C3CC3)CC2)CC1,11.49,2.01
CC(C)N1CCC(OC2CCN(C(=O)c3n[nH]cc3-c3ccc4ncsc4c3)CC2)CC1,0.63,6.64
O=C(c1n[nH]cc1-c1ccc2ncsc2c1)N1CCC(OC2CCN(C3COC3)CC2)CC1,1.58,7.87
O=C(c1n[nH]cc1C(F)(F)F)N1CCC(Oc2ccc(Cl)cc2)CC1,3.9,1.35
Cc1[nH]nc(C(=O)N2CCC(OC3CCN(C4CC4)CC3)CC2)c1C(F)(F)F,9.3,2.6
CCOC1CCN(C(=O)c2cc(-c3ccc(OC)cc3OC)[nH]n2)CC1,15.51,1.42
N#Cc1ccc(OC2CCN(C(=O)c3n[nH]cc3-c3ccc4scnc4c3)CC2)cc1,1.02,26.51
COc1ccccc1-c1cc(C(=O)N2CCC(OC3CCN(C4CC4)CC3)CC2)[nH]n1,26.2,1.01
COc1cc(F)ccc1-c1cc(C(=O)N2CCC(Oc3ccc(C#N)cc3)CC2)[nH]n1,0.39,0.93
O=C(c1n[nH]c2cccnc12)N1CCN(Cc2ccc(Cl)c(F)c2)CC1,22.04,1.5
O=C(c1n[nH]cc1-c1ccc2nccn2n1)N1CCC(OC2CCN(C3CC3)CC2)CC1,0.67,18.64
NC(=O)Nc1nc(OCCN2CCCCC2)cnc1-c1ccccn1,45.79,0.66
COCC1CN(Cc2ccc(N3C[C@@H](C)N(C(=O)c4cn(C)c5ncccc45)[C@@H](C)C3)cc2)C1,33.39,0.89
Cc1cc2[nH]c3c(=O)n(CCCN4CCCCC4)ccc3c2s1,39.95,0.47
COc1ccc2c3cc(=O)n(C[C@@H]4CCCN(C)C4)nc3n(C)c2c1,38.48,0.6
COc1ccc2c3cc(OC[C@@H]4CCCN(C)C4)nnc3n(C)c2c1,18.63,0.94
Cn1c2cc(F)ncc2c2ccn(CCCN3CCCCC3)c(=O)c21,21.05,1.14
Cn1cc(Cn2ccc3c([nH]c4cc(Cl)ccc43)c2=O)ccc1=O,31.3,1.15
Cn1c2ccc(OCCn3cnccc3=O)cc2c2ccn(CCCN3CCCCC3)c(=O)c21,6.38,5.76
Cn1c2ccc(OCCOc3ccncn3)cc2c2ccn(CCCN3CCCCC3)c(=O)c21,16.82,1.01
Cn1c2ccc(OCCn3cc(C#N)cn3)cc2c2ccn(CCCN3CCCCC3)c(=O)c21,19.31,1.27
CN(c1cnn(CC(N)=O)c1)c1cccc(-c2cccc(S(C)(=O)=O)c2)n1,12.36,2.95
Cn1cc(-c2cncc(OCC(F)F)c2)c2cc(OCCCN3CCCC3)ccc21,4.82,2.7
Cn1cc(CC#N)c2cc(OCCCN3CCCC3)ccc21,25.56,1.09
COc1cncc(-n2cnc3ccc(OCCCN4CCCC4)cc32)c1,13.89,2.53
CN1CCC(Cn2cc(N(C)c3nccc(-c4cccnc4)n3)cn2)CC1,14.79,2.28
Nc1cc(OCCN2CCC(F)(F)CC2)ccc1-c1ccc2ccncc2c1,3.79,0.93
Cn1cc(-c2cncnc2)c2cc(OC3CNC3)ccc21,8.46,3.25
NC(=O)Cc1cccc(Nc2cccc(-c3cnccn3)n2)n1,29.06,1.15
O=C(Cn1cccc(Nc2cccc(-c3cccnc3)n2)c1=O)N1CCC1,32.14,1.3
O=C1NCc2ccc(Nc3cccc(-c4cccnc4)n3)cc21,16.56,1.92
CN1CC(C(=O)Nc2cccc(Nc3cccc(-c4cccnc4)n3)n2)C1,3.47,8.76
O=C(Cc1cccc(Nc2cccc(-c3cccnc3)n2)n1)NC1CC(F)(F)C1,26.05,0.88
O=C(Cc1cccc(Nc2cccc(-c3cccnc3)n2)n1)NC1COC1,16.92,2.98
CN1CC(NC(=O)Cc2cccc(Nc3cccc(-c4cccnc4)n3)n2)C1,0.35,60.48
O=C(Cc1cccc(Nc2cccc(-c3cccnc3)n2)n1)NC1CCOCC1,20.24,1.95
CN1CCC(NC(=O)Cc2cccc(Nc3cccc(-c4cccnc4)n3)n2)CC1,0.28,70.93
CN1CCC(Cn2nccc2N(C)c2cccc(-c3cccc(F)c3)n2)CC1,6.55,1.26
CN1CCC(Cn2nccc2Nc2cccc(-c3cccc(F)c3)n2)CC1,4.05,2.02
Cc1cn2nc(-c3c[nH]nc3C(=O)N3CCC(Oc4cncc(Cl)c4)CC3)cc2c(C)n1,1.56,22.39
Cc1cn2nc(-c3c[nH]nc3C(=O)N3CCC(Oc4ccc(Cl)cc4)CC3)cc2c(C)n1,2.0,8.68
O=C(c1n[nH]cc1-c1cnc2nccn2c1)N1CCC(Oc2cncc(Cl)c2)CC1,1.85,6.43
O=C(c1n[nH]c2cccnc12)N1CCN(C(c2cncc(Cl)c2)C(F)(F)F)CC1,4.12,8.02
O=C(c1c(C2CC2)[nH]c2cccnc12)N1CCC(Oc2cncc(Cl)c2)CC1,4.88,8.19
FC(F)(F)C(c1n[nH]c2cccnc12)N1CCC(Oc2cncc(Cl)c2)CC1,12.99,1.19
O=C(c1n[nH]cc1-c1ccc2ocnc2c1)N1CCC2(CC1)CCN2c1ccc(Cl)cc1,3.09,2.4
Cc1ccc(CNc2cc(=O)[nH]c(-c3ccccc3)n2)cc1,15.87,0.73
Cc1ccc(CNc2cc(-c3ccccc3)[nH]c(=O)c2)cc1,14.15,0.65
Clc1cncc(CN2CCC(Nc3n[nH]cc3-c3ccc4ncsc4c3)CC2)c1,13.33,0.82
COc1cc2ocnc2cc1-c1cc(C(=O)N2CCC(Oc3ccc(Cl)cc3)CC2)on1,0.11,0.58
CCc1ccc(OC2CCN(C(=O)c3cc(-c4ccc(OC)cc4OC)[nH]n3)CC2)cn1,4.18,1.64
CCOC1CCN(C(=O)c2n[nH]cc2-c2ccc3ncsc3c2)CC1,15.33,2.3
CC(C)(O)COC1CCN(C(=O)c2n[nH]cc2-c2ccc3ncsc3c2)CC1,1.01,19.55
COc1ccc(-c2cc(C(=O)N3CCC(OCC(C)(C)O)CC3)n[nH]2)c(OC)c1,15.47,2.45
O=C(c1n[nH]cc1-c1ccc2ocnc2c1)N1CCC(OC2CCN(C3CC3)CC2)CC1,1.5,11.47
Cn1cnc2ccc(-c3c[nH]nc3C(=O)N3CCC(Oc4ccc(C#N)cc4)CC3)cc21,0.31,84.96
COc1cc(F)ccc1-c1cc(C(=O)N2CCC(OC3CCN(C4CC4)CC3)CC2)[nH]n1,14.04,1.92
COc1ccc(-c2[nH]nc(C(=O)N3CCC(Oc4ccc(Cl)cc4)CC3)c2C)c(OC)c1,0.12,4.71
COc1cc(F)ccc1-c1cc(C(=O)N2CCC(Oc3cncc(Cl)c3)CC2)[nH]n1,2.8,1.58
N#Cc1ccc(OC2CCN(C(=O)c3n[nH]c4cccnc34)CC2)cc1,1.59,30.98
O=C(c1n[nH]c2cccnc12)N1CCC(OC2CCN(C3CC3)CC2)CC1,2.25,4.77
O=C(c1n[nH]c2cccnc12)N1CCC(Oc2cncc(Br)c2)CC1,3.25,11.2
COc1cc2c(cn1)c1ccn(CCCN3CCCCC3)c(=O)c1n2C,33.84,1.37
CN1CCC[C@@H](Cn2ccc3c([nH]c4cc(Cl)ccc43)c2=O)C1=O,46.42,0.79
CN1CCC[C@H](Cn2ccc3c([nH]c4cc(Cl)ccc43)c2=O)C1=O,43.07,0.9
Cn1c2cc(F)ccc2c2ccn(CCNC[C@@H]3CCC(=O)N3)c(=O)c21,20.3,1.9
CCOc1cnc2c(c1)[nH]c1c(=O)n(CCCN3CCCCC3)ccc12,31.91,1.33
O=C1Cc2ccc(-n3cc(OCC4CNC4)cn3)cc2N1,1.16,2.3
C[C@H](c1ccc(Nc2cccc(-c3cccnc3)n2)cc1)C1CCN(C)CC1,4.91,1.84
C[C@@H](c1ccc(Nc2cccc(-c3cccnc3)n2)cc1)C1CCN(C)CC1,6.68,1.44
COc1cncc(-c2nn(CCCN3CCCC3)c3ccc(O)cc23)c1,4.74,9.31
CN(C)C(=O)c1cn(C)c2ccc(OCCCN3CCCC3)cc12,3.11,8.24
CN1CCC(Cn2cc(Nc3cc(-c4cccnc4)ccn3)cn2)CC1,2.97,7.96
Cn1cc(-c2ccc(Cl)nc2)c2cc(OC3CNC3)ccc21,4.38,2.88
Cc1c(N)c(-c2ccc(OCCN3CCCCC3)cc2)cc2cnccc12,1.06,2.43
c1cncc(-c2cccc(Nc3cccc(-c4cn[nH]c4)n3)n2)c1,9.11,1.01
Cc1cc(-c2cccc(Nc3cccc(-c4cccnc4)n3)n2)[nH]n1,2.01,1.62
CNCCOc1ccc(-c2ccc3ncncc3c2)c(N)c1,12.57,1.31
c1cc2ccc(-c3ccc(OCCN(C4CC4)C4CC4)cc3)cc2cn1,0.08,3.48
CC(=O)Nc1ccnc(Nc2cccc(-c3cccnc3)n2)c1,13.99,2.5
CC(=O)Nc1cncc(Nc2cccc(-c3cccnc3)n2)c1,1.25,37.0
CC(=O)Nc1cc(Nc2cccc(-c3cccnc3)n2)ccn1,14.03,2.34
CC(=O)Nc1cccc(Nc2cccc(-c3cccc(F)c3)n2)n1,1.29,1.02
CC(=O)Nc1cccc(Nc2cc(-c3cccc(F)c3)ccn2)n1,1.06,1.3
NC(=O)Cc1cc(Nc2cc(-c3cccnc3)ccn2)ccn1,0.53,62.79
NC(=O)Cc1cc(Nc2cc(-c3cccc(F)c3)ccn2)ccn1,5.66,4.77
O=C(O)Cc1cccc(Nc2cccc(-c3cccnc3)n2)n1,3.13,5.09
CN(c1cc(-c2cccnc2)ccn1)c1ccnn1CC1CCNCC1,0.23,42.68
CN(c1cc(-c2cccc(F)c2)ccn1)c1ccnn1CC1CCNCC1,1.5,28.04
c1cncc(-c2ccnc(Nc3ccc(CN4CCCCC4)cc3)c2)c1,13.17,1.76
c1cncc(-c2cccc(Nc3ccc(CN4CCCCC4)cc3)n2)c1,11.6,1.47
c1cc2cc(n1)CCCOc1ccc(cc1)Nc1nccc(n1)OCC2,9.5,0.35
c1cc2cc(n1)CCCOc1ccc(cc1)Nc1ccnc(n1)OCC2,23.5,0.51
CN1CCC(OC2CCN(C(=O)c3n[nH]cc3-c3ccc4ncsc4c3)CC2)CC1,1.41,2.84
O=C(c1n[nH]c2cccnc12)N1CCC(Oc2ccc(C3CC3)nc2)CC1,11.82,2.07
COc1cccc(-c2cc(C(=O)N3CCC(Oc4cncc(Cl)c4)CC3)n[nH]2)n1,5.59,0.99
Cc1[nH]nc(C(=O)N2CCC(Oc3cncc(Cl)c3)CC2)c1Cl,18.56,0.81
O=C(c1n[nH]c2cccnc12)N1CCC(n2cnc3cc(Cl)ccc32)CC1,1.27,14.54
O=C(c1n[nH]c2ccccc12)N1CCC(Oc2cncc(C(F)(F)F)c2)CC1,10.8,0.63
O=C(c1n[nH]c2cccnc12)N1CCC(Oc2cncc(C(F)(F)F)c2)CC1,6.85,3.75
O=C(c1n[nH]c2cc(-c3ncccn3)ccc12)N1CCC(OC2CCN(C3CC3)CC2)CC1,16.8,1.63
O=C(c1n[nH]c2cc(-c3ccccn3)ccc12)N1CCC(Oc2ccc(Cl)cc2)CC1,0.04,2.21
O=C(c1n[nH]c2cc(-c3ccccn3)ccc12)N1CCC(Oc2cncc(Cl)c2)CC1,2.45,2.74
O=C(c1n[nH]c2cc(-c3ccccn3)ccc12)N1CCC(OC2CCN(C3CC3)CC2)CC1,10.61,1.9
O=C(c1cccc2cn[nH]c12)N1CCC(Oc2ccc(Cl)cc2)CC1,5.2,1.14
O=C(c1cccc2cn[nH]c12)N1CCC(Oc2cncc(Cl)c2)CC1,16.78,1.16
O=C(c1cccc2cn[nH]c12)N1CCC(OC2CCN(C3CC3)CC2)CC1,26.1,0.71
O=C(c1cccc2[nH]ncc12)N1CCC(Oc2ccc(Cl)cc2)CC1,6.55,1.13
O=C(c1cccc2[nH]ncc12)N1CCC(Oc2cncc(Cl)c2)CC1,15.92,1.39
O=C(c1cccc2[nH]ncc12)N1CCC(OC2CCN(C3CC3)CC2)CC1,12.38,2.16
O=C(c1ccc2[nH]ncc2c1)N1CCC(Oc2cncc(Cl)c2)CC1,15.89,2.04
O=C(c1ccc2[nH]ncc2c1)N1CCC(OC2CCN(C3CC3)CC2)CC1,13.43,1.91
O=C(c1ccc2c(c1)CNC2)N1CCC(Oc2ccc(Cl)cc2)CC1,7.52,2.04
O=C(c1cccc2nc[nH]c12)N1CCC(Oc2cncc(Cl)c2)CC1,13.06,2.84
O=C(c1cccc2nc[nH]c12)N1CCC(OC2CCN(C3CC3)CC2)CC1,6.71,2.59
O=C(c1cccc2cc[nH]c12)N1CCC(Oc2cncc(Cl)c2)CC1,10.06,0.88
O=C(c1cccc2cc[nH]c12)N1CCC(OC2CCN(C3CC3)CC2)CC1,23.27,0.7
Cc1[nH]nc(C(=O)N2CCC(OC3CCN(C4CC4)CC3)CC2)c1Cl,15.37,1.12
CN1CCC[C@@H](Cn2ccc3c([nH]c4cc(F)ccc43)c2=O)C1=O,47.5,0.72
O=c1c2[nH]c3cccc(OC(F)(F)F)c3c2ccn1CCCN1CCCCC1,15.11,0.57
Cn1c2cc(O)ncc2c2ccn(CCCN3CCCCC3)c(=O)c21,1.38,1.61
c1ccc(CNc2nc(OCCN3CCCCC3)ccc2-c2ncccn2)cc1,17.31,0.73
O=c1c2[nH]c3cc(F)ccc3c2ccn1CCC1CCN1,9.21,1.1
CN(c1cccc(-c2cccc(S(C)(=O)=O)c2)n1)c1ccn(CC(N)=O)n1,24.87,1.36
N#CCc1cccc(Nc2cccc(-c3cccnc3)n2)n1,25.29,0.69
O=C1NCCSc2c1sc1ccc(OC3CNC3)cc21,4.48,5.34
C[C@@H](CN(C)C)NC(=O)Cc1cccc(Nc2cccc(-c3cccnc3)n2)n1,3.13,10.69
COC[C@@H](C)NC(=O)Cc1cccc(Nc2cccc(-c3cccnc3)n2)n1,31.13,1.1
NC(=O)Cc1cccc(Nc2cccc(-c3cnsc3)n2)n1,26.0,1.19
NC(=O)Cc1cccc(Nc2cccc(-c3ccnnc3)n2)n1,1.3,24.54
CN1CCC(Cn2nccc2N(C)c2cccc(-c3cccnc3)n2)CC1,15.65,2.2
CN1CCC(Cn2nccc2Nc2cccc(-c3cccnc3)n2)CC1,2.09,13.09
CN(c1cccc(-c2cccnc2)n1)c1ccnn1CC1CCNCC1,0.94,29.69
CN(c1cccc(-c2cccc(F)c2)n1)c1nccn1CC1CCNCC1,1.01,32.27
NC(=O)Cc1cc(Nc2nccc(-c3cccnc3)n2)ccn1,5.77,5.43
FC1(F)CN(CCc2ccc(Nc3ccn(-c4ccccn4)n3)cc2)C1,8.53,0.64
Fc1cccc(-c2cccc(Nc3ccc(CN4CCCCC4)cc3)n2)c1,0.6,1.01
Fc1cccc(-c2ccnc(Nc3ccc(CN4CCCCC4)cc3)c2)c1,1.79,0.84
CC(=O)Nc1cccc(Nc2nccc(-c3cccnc3)n2)n1,34.33,0.66
CC(=O)Nc1cccc(Nc2cc(-c3cccnc3)ccn2)n1,25.86,0.81
c1cc2ccc(-c3ccc(OCCN4CCOCC4)cc3)cc2cn1,11.43,0.56
CN1CCN(Cc2ccc(Nc3cccc(-c4cccc(F)c4)n3)cc2)CC1,0.87,1.21
CN1CCN(Cc2ccc(Nc3cc(-c4cccc(F)c4)ccn3)cc2)CC1,1.05,1.39
c1cnc2ccc(-c3ccc(CCN4CCC4)cc3)cc2c1,25.5,0.87
c1cnc2cc(-c3ccc(CCN4CCC4)cc3)ccc2c1,13.65,1.1
O=C(c1n[nH]c2cccnc12)N1CCN([C@H](c2cncc(Cl)c2)C(F)(F)F)CC1,4.72,6.27
O=C(c1n[nH]c2cccnc12)N1CCN([C@@H](c2cncc(Cl)c2)C(F)(F)F)CC1,7.65,3.99
O=c1cc(-c2ccccc2)nc(NCc2cncc(Cl)c2)[nH]1,4.48,3.29
O=c1nc(-c2ccccc2)cc(NCc2cncc(Cl)c2)[nH]1,0.68,38.58
O=C(c1cc(-c2ccccc2F)[nH]n1)N1CCC(n2cnc3cc(Cl)ccc32)CC1,2.66,1.9
Cc1[nH]nc(C(=O)N2CCC(n3cnc4cc(Cl)ccc43)CC2)c1C(F)(F)F,1.13,37.65
O=C(c1cccc2ccc(=O)[nH]c12)N1CCC(Oc2ccc(Cl)cc2)CC1,12.43,1.25
O=C(c1cccc2ccc(=O)[nH]c12)N1CCC(Oc2cncc(Cl)c2)CC1,17.23,2.06
O=C(c1n[nH]c2ccc(-c3ncccn3)cc12)N1CCC(Oc2ccc(Cl)cc2)CC1,0.05,1.55
O=C(c1n[nH]c2ccc(-c3ncccn3)cc12)N1CCC(Oc2cncc(Cl)c2)CC1,3.05,2.49
O=C(c1n[nH]c2ccc(-c3ncccn3)cc12)N1CCC(OC2CCN(C3CC3)CC2)CC1,9.91,3.7
O=C(c1n[nH]c2cc(-c3ncccn3)ccc12)N1CCC(Oc2ccc(Cl)cc2)CC1,0.02,1.52
O=C(c1n[nH]c2cc(-c3ncccn3)ccc12)N1CCC(Oc2cncc(Cl)c2)CC1,5.98,1.25
O=C(c1cccc2ccc(=O)[nH]c12)N1CCC(OC2CCN(C3CC3)CC2)CC1,17.24,1.3
COc1cncc(OC2CCN(C(=O)c3cc(-c4ccccc4OC)[nH]n3)CC2)c1,7.24,1.76
COc1cncc(OC2CCN(C(=O)c3cc(-c4ccc(F)cc4OC)[nH]n3)CC2)c1,7.27,1.53
COc1cncc(OC2CCN(C(=O)c3n[nH]c4ccccc34)CC2)c1,20.22,1.08
COc1cncc(OC2CCN(C(=O)c3n[nH]c4cccnc34)CC2)c1,1.91,13.09
COc1cnc2cc3c(=O)n(CCCN4CCCCC4)ccn3c2c1,18.83,1.22
CN1CCC[C@H](Cn2ccc3c([nH]c4cc(F)ccc43)c2=O)C1=O,41.33,1.02
O=c1c2[nH]c3cc(O)ncc3c2ccn1CCCN1CCCCC1,0.19,0.84
CCOc1cc2[nH]c3c(=O)n(C[C@@H]4CCCN(C)C4)ccc3c2cn1,17.29,0.98
N#CCCc1cccc(Nc2cccc(-c3cccnc3)n2)n1,18.81,0.75
O=C1NCCSc2c1sc1ccc(OCC3CNC3)cc21,0.47,20.86
NC(=O)Cn1cnc(Nc2cccc(-c3cccnc3)n2)c1,0.63,24.61
NC(=O)Cc1cccc(Nc2cccc(-c3ccns3)n2)n1,22.78,0.91
NC(=O)Cc1cccc(Nc2cccc(-c3cccnc3)c2F)n1,13.73,0.96
NC(=O)CCc1cccc(Nc2cccc(-c3cccnc3)n2)n1,4.73,3.62
NC(=O)COc1cccc(Nc2cccc(-c3cccnc3)n2)n1,12.78,1.02
CNC(=O)Cc1cc(Nc2nccc(-c3cccnc3)n2)ccn1,1.44,14.19
CNC(=O)Cc1cccc(Nc2nccc(-c3cccnc3)n2)n1,12.56,1.46
NC(=O)Cc1cccc(Nc2nccc(-c3cccc(F)c3)n2)c1,11.01,0.42
O=C1CCCN1CCOc1ccc(-c2ccc3ccncc3c2)cc1,11.37,0.65
NC(=O)Cc1cccc(Nc2ccn(-c3ccccn3)n2)c1,14.12,0.88
NC(=O)Cc1cccc(Nc2ccn(-c3ccccn3)n2)n1,14.56,0.86
CNC(=O)Cc1cccc(Nc2cc(-c3cccnc3)ccn2)n1,8.15,2.94
c1cc2ccc(-c3ccc(CCN4CCC4)cc3)cc2cn1,10.94,0.66
c1ncc2cc(-c3ccc(CCN4CCC4)cc3)ccc2n1,28.42,0.79
CN(c1cccc(CC(N)=O)c1)c1nccc(-c2cccnc2)n1,14.66,1.4
CNC(=O)Cc1cccc(N(C)c2nccc(-c3cccnc3)n2)c1,18.14,1.19
CNC(=O)Cc1cccc(Nc2nccc(-c3cccnc3)n2)c1,10.56,2.18
COc1cccnc1-c1cc(C(=O)N2CCC(Oc3cncc(Cl)c3)CC2)n[nH]1,13.59,0.7
COc1ccc(-c2cc(C(=O)N3CCC(Oc4cncc(Cl)c4)CC3)n[nH]2)nc1,15.19,0.52
COc1ccccc1-c1cc(C(=O)N2CCC(n3cnc4cc(Cl)ccc43)CC2)n[nH]1,1.92,1.22
Cn1cnc2ccc(OC3CCN(C(=O)c4n[nH]c5cccnc45)CC3)cc21,0.23,68.14
Cc1[nH]nc(C(=O)N2CCC(Oc3ccc4ncn(C)c4c3)CC2)c1C(F)(F)F,1.57,18.03
Cc1[nH]nc(C(=O)N2CCC(Oc3ccc4ncn(C)c4c3)CC2)c1Cl,1.74,17.68
O=C(c1ccc2ccc(=O)[nH]c2c1)N1CCC(Oc2ccc(Cl)cc2)CC1,12.44,0.79
O=C(c1ccc2ccc(=O)[nH]c2c1)N1CCC(OC2CCN(C3CC3)CC2)CC1,2.33,8.5
O=C(c1ccc2ccc(=O)[nH]c2c1)N1CCC(Oc2cncc(Cl)c2)CC1,5.93,5.35
c1cnc2c(-c3ccc(OC4CCN(C5CC5)CC4)cc3)n[nH]c2c1,16.07,0.88
O=C(c1[nH]ncc1-c1ccc2ncccc2c1)N1CCC(OC2CCN(C3CC3)CC2)CC1,1.88,14.82
COc1cncc(OC2CCN(C(=O)c3n[nH]c(C)c3C(F)(F)F)CC2)c1,9.88,3.17
COc1cncc(OC2CCN(C(=O)c3n[nH]c(C)c3Cl)CC2)c1,12.7,2.6
Clc1cncc(CNc2cc(-c3ccccc3)nc(NC3CCOCC3)n2)c1,9.92,0.86
Clc1cncc(CNc2cc(-c3ccccc3)nc(N3CCOCC3)n2)c1,1.89,1.48
COC1(C)CN(Cc2ccc(N3CCN(C(=O)c4cn(C)c5ccccc45)C[C@H]3C)cn2)C1,7.84,2.53
COCC1CN(Cc2ccc(N3CCN(C(=O)c4cn(C)c5ccccc45)C[C@H]3C)cn2)C1,4.14,3.81
O=C(NCCCN1CCCCC1)c1ccnc2c1[nH]c1cc(Cl)ncc12,8.82,1.21
CCOc1cc2c(cn1)c1ccn(CCCN3CCCCC3)c(=O)c1n2C,15.98,0.89
Cn1cc(Cn2ccc3c4ccc(Cl)cc4n(C)c3c2=O)ccc1=O,21.39,1.32
O=C1NCCSc2c1sc1ccc(OCCN3CCCCC3)cc21,32.26,1.01
CN1CCN(CCCOc2ccc3sc4c(c3c2)SCCNC4=O)CC1,16.75,1.78
c1cc2ccc(-c3ccc(OCCNC4CC4)cc3)cc2cn1,7.06,0.64
c1cncc(-c2cccc(Nc3cccc(C4CCNCC4)n3)n2)c1,2.19,17.53
NC(=O)Cc1cccc(Nc2nccc(-c3cccc(F)c3)n2)n1,1.45,1.03
O=C1CCCCN1CCOc1ccc(-c2ccc3ccncc3c2)cc1,9.78,1.29
NC(=O)Cc1ccc(Nc2ccn(-c3ccccn3)n2)nc1,9.35,1.16
NC(=O)Cc1ccc(Nc2ccn(-c3ccccn3)n2)cc1,21.3,0.63
Fc1cccc(-c2ccnc(Nc3ccc(CN4CCN(C5CC5)CC4)cc3)n2)c1,3.21,1.42
CN1CCN(Cc2ccc(Nc3nccc(-c4cccc(F)c4)n3)cc2)CC1=O,11.04,1.16
CN1CCN(Cc2ccc(Nc3nccc(-c4cccc(F)c4)n3)cc2)C(=O)C1,15.24,1.13
c1cc(-c2ccc3cnncc3c2)ccc1CCN1CCC1,30.7,0.9
Fc1cccc(-c2ccnc(Nc3ccc(CCN4CCC4)cc3)n2)c1,8.98,0.95
Fc1cccc(-c2ccnc(Nc3ccc(CCN4CCC4)cc3)c2)c1,2.28,1.48
CNC(=O)Cc1cccc(N(C)c2cc(-c3cccnc3)ccn2)n1,24.84,1.26
CN(c1cc(-c2cccnc2)ccn1)c1cccc(CC(N)=O)n1,25.76,1.4
c1cc2ccc(-c3cnn(CCC4CNC4)c3)cc2cn1,1.15,10.81
c1cc2ccc(-c3cnn(CCN4CCC4)c3)cc2cn1,26.72,1.04
Nc1cc(OCCN2CCCCC2)ccc1-c1cc(-c2ccncc2)ccn1,16.92,1.04
O=C(c1n[nH]c2ccccc12)N1CCC(O[C@H]2CN3CCC2CC3)CC1,1.5,8.4
Cc1ccc(COc2cc(-c3ccccc3)[nH]c(=O)c2)cc1,1.25,0.83
COc1cncnc1-c1cc(C(=O)N2CCC(Oc3cncc(Cl)c3)CC2)n[nH]1,9.94,2.01
O=C(c1n[nH]c2cnc(-c3ccccn3)cc12)N1CCC(OC2CCN(C3CC3)CC2)CC1,3.9,4.14
O=C(c1n[nH]c2cc(-c3ccccn3)cnc12)N1CCC(OC2CCN(C3CC3)CC2)CC1,2.47,7.81
Cn1cnc2ccc(OC3CCN(C(=O)c4cc(-c5ccccc5F)[nH]n4)CC3)cc21,7.7,2.38
Oc1cc(C2CCN(C3CC3)CC2)ccc1-c1n[nH]c2cccnc12,7.33,1.07
O=C(c1n[nH]c2ccccc12)N1[C@@H]2CC[C@H]1C[C@H](OC1CCN(C3CC3)CC1)C2,21.78,1.33
COc1ccccc1-c1cc(C(=O)N2[C@@H]3CC[C@H]2C[C@H](OC2CCN(C4CC4)CC2)C3)n[nH]1,16.58,0.99
COc1ccc(Nc2cncc(N(CCc3ccncc3)C3CC3)n2)cc1,3.33,0.64
COc1ccc(Oc2nccc(N(CCc3ccncc3)C3CC3)n2)cc1,16.69,0.68
CCc1cncc(OC2CCN(C(=O)c3n[nH]c4cccnc34)CC2)c1,2.6,15.75
O=C(c1n[nH]c2cccnc12)N1CC[C@@H](Oc2cncc(Cl)c2)C1,5.2,5.6
O=C(c1n[nH]c2cccnc12)N1CC[C@H](Oc2cncc(Cl)c2)C1,2.95,12.42
O=C(c1n[nH]cc1-c1ccc2ncsc2c1)N1CCC(N2CCOCC2)CC1,1.29,10.87
O=C(NCCCN1CCCCC1)c1ccnc2c1[nH]c1cc(Cl)ccc12,21.44,0.56
COc1ccc2c([nH]c3c(=O)n(CCCN4CCCCC4)ccc32)c1C(F)(F)F,22.56,0.76
Cn1c2ccc(OCCn3cc(C#N)c(Cl)n3)cc2c2ccn(CCCN3CCCCC3)c(=O)c21,10.55,1.23
Nc1nc(OCCN2CCCCC2)ccc1-c1ncccn1,35.15,0.89
O=C(O)c1ccnc2c1[nH]c1cc(Cl)ncc12,0.11,105.64
COc1ccc(N2CCC(OC3CC3)CC2)cc1-c1n[nH]c2cccnc12,40.65,0.75
O=C(c1n[nH]c2ccc(=O)[nH]c12)N1CCC(Oc2ccc(Cl)cc2)CC1,15.1,1.39
O=C(c1n[nH]c2ccc(Cl)nc12)N1CCC(Oc2ccc(Cl)cc2)CC1,1.26,1.01
O=C(c1n[nH]c2cncnc12)N1CCC(OC2CCN(C3CC3)CC2)CC1,1.18,3.62
COc1cc(OC2CCN(C3CC3)CC2)ccc1-c1n[nH]c2cccnc12,28.67,1.03
O=C(c1n[nH]c2ccccc12)N1[C@@H]2CC[C@H]1C[C@@H](OC1CCN(C3CC3)CC1)C2,26.14,0.73
COc1ccccc1-c1cc(C(=O)N2[C@@H]3CC[C@H]2C[C@@H](OC2CCN(C4CC4)CC2)C3)n[nH]1,18.2,0.58
COc1ccc(N(C)c2nccc(NCCc3ccncc3)n2)cc1,23.87,0.54
C=Cc1cncc(OC2CCN(C(=O)c3n[nH]c4cccnc34)CC2)c1,2.56,10.04
O=C(c1n[nH]c2cccnc12)N1CCC(Oc2cncc(C3CC3)c2)CC1,2.57,16.2
COc1cncc(C2CCN(Cc3n[nH]cc3-c3ccc4ncsc4c3)CC2)c1,11.88,1.04
c1nc2ccc(-c3c[nH]nc3CN3CCC(N4CCOCC4)CC3)cc2s1,13.46,1.69
CCc1cncc(C2CCN(Cc3n[nH]cc3-c3ccc4ncsc4c3)CC2)n1,23.02,1.1
O=C(c1n[nH]cc1C#Cc1ccccn1)N1CCC(OC2CCN(C3CC3)CC2)CC1,3.76,9.3
O=C(c1n[nH]cc1C#Cc1cncnc1)N1CCC(Oc2ccc(Cl)cc2)CC1,7.73,1.17
COc1cc2ocnc2cc1-c1cc(C(=O)N2CCN(Cc3ccc(Cl)c(F)c3)CC2)[nH]n1,1.82,1.1
Cn1cc(C#Cc2cncs2)c(C(=O)N2CCN(Cc3cncc(Cl)c3)CC2)n1,18.84,1.57
CNc1cc(OC)ncc1-c1cc(C(=O)N2CCN(Cc3cncc(Cl)c3)CC2)on1,10.49,1.1
NC(=O)Cc1cccc(Nc2cncc(-c3cccnc3)n2)n1,1.82,21.83
NC(=O)C(F)(F)c1cccc(Nc2nccc(-c3cccnc3)n2)c1,23.22,0.99
Nc1ccc(OCCN2CCCCC2)cc1-c1cc(-c2cccnc2)ccn1,23.62,0.72
c1ncc2cc(-c3cnn(CCN4CCC4)c3)ccc2n1,24.84,0.68
c1ccc(-n2ccc(Nc3ccc(CCN4CCC4)cc3)n2)nc1,15.75,0.8
c1ccc(-n2ccc(Nc3ccc(CCCCN4CCCC4)cc3)n2)nc1,7.85,0.64
CN(c1cccc(CC(N)=O)n1)c1nccc(-c2cccc(F)c2)n1,24.51,0.54
CNC(=O)Cc1cccc(Nc2cccc(-c3cccc(F)c3)n2)n1,10.15,0.45
FC1(F)CCN(Cc2ccc(Nc3cccc(-c4cccnc4)n3)nc2)CC1,7.11,0.87
c1cncc(-c2cccc(Nc3ccc(CN4CCCCC4)cn3)n2)c1,17.83,0.97
O=C1CCCCN1Cc1ccc(Nc2nccc(-c3cccc(F)c3)n2)cc1,3.98,1.26
COCCNC(=O)c1cccc(-c2ccc3ccncc3c2)c1,19.98,0.91
COCCC(=O)Nc1cccc(-c2ccc3ccncc3c2)c1,4.76,0.74
COCCC(=O)Nc1ccc(-c2ccc3ccncc3c2)cc1,14.81,0.8
FC1(F)CN(CCOc2ccc(-c3ccc4ccncc4c3)cc2)C1,4.97,0.9
FC1(F)CCN(CCOc2ccc(-c3ccc4ccncc4c3)cc2)C1,1.59,1.41
NC(=O)Cn1ccc(Nc2cccc(-c3cccc(S(N)(=O)=O)c3)n2)n1,0.92,16.07
CC[C@@H](C(N)=O)c1cccc(Nc2cccc(-c3cccnc3)n2)n1,18.29,1.25
CC[C@H](C(N)=O)c1cccc(Nc2cccc(-c3cccnc3)n2)n1,19.96,1.15
COc1c(F)ccc2cc3c(=O)n(CCCN4CCCCC4)ccn3c12,26.91,0.72
NC(=O)Nc1nc(OCCN2CCCCC2)ccc1-c1ncccn1,33.26,0.83
COc1c(Cl)ccc2cc3c(=O)n(CCCN4CCCCC4)ccn3c12,24.07,0.5
COc1ccnc(-c2ccc(OCCN3CCCCC3)nc2NCc2ccccc2)n1,1.83,1.2
COc1ccc2c(c1)[nH]c1c(C(=O)O)ccnc12,1.28,21.52
CC(=O)N[C@@H](C)COc1ccc(N)c(-c2cc(-c3ccncc3)ccn2)c1,17.95,2.15
C[C@H](N)COc1ccc([N+](=O)[O-])c(-c2cc(-c3ccncc3)ccn2)c1,6.41,4.28
CC(=O)N[C@@H](C)COc1ccc([N+](=O)[O-])c(-c2cc(-c3ccncc3)ccn2)c1,10.65,4.39
CC(=O)N[C@H](C)COc1ccc(N)c(-c2cc(-c3ccncc3)ccn2)c1,24.49,1.24
C[C@@H](N)COc1ccc([N+](=O)[O-])c(-c2cc(-c3ccncc3)ccn2)c1,11.78,1.98
CC(=O)N[C@H](C)COc1ccc([N+](=O)[O-])c(-c2cc(-c3ccncc3)ccn2)c1,16.31,1.82
Nc1ccc(OC2CNC2)cc1-c1cc(-c2ccncc2)ccn1,3.18,5.78
Nc1ccc(OCC2CNC2)cc1-c1cc(-c2ccncc2)ccn1,0.71,22.18
CC(=O)N[C@@H](C)COc1ccc2sc3c(c2c1)SCCNC3=O,6.42,5.46
C[C@H](N)COc1ccc2sc3c(c2c1)SCCNC3=O,6.91,2.94
c1cncc(-c2cccc(Nc3cccc4cc(OC5CNC5)ccc34)n2)c1,1.31,2.44
c1cncc(-c2cccc(Nc3cccc(CCN4CCC4)n3)n2)c1,16.67,1.4
c1cncc(-c2cccc(Nc3ccc(CCN4CCC4)cn3)n2)c1,25.19,0.88
O=C1NCCN1c1cccc(Nc2cccc(-c3cccnc3)n2)n1,24.65,0.58
O=C1CCCN1CCCOc1ccc(Nc2ccn(-c3ccccn3)n2)cc1,22.48,0.5
CN(c1ccc(CCN2CCC2)cc1)c1nccc(-c2cccc(F)c2)n1,3.36,0.98
FC1(F)CN(CCn2cc(-c3ccc4ccncc4c3)cn2)C1,37.67,0.7
c1cc2ccc(-c3cnn(CCN4CCCCC4)c3)cc2cn1,14.21,0.47
c1cc2ccc(-c3cnn(CCN4CCOCC4)c3)cc2cn1,34.94,0.75
c1ncc2cc(-c3cnn(CCC4CNC4)c3)ccc2n1,1.35,2.2
c1ncc2cc(-c3cnn(CCN4CCCCC4)c3)ccc2n1,33.95,0.77
c1ncc2cc(-c3cnn(CCN4CCOCC4)c3)ccc2n1,39.06,0.7
O=C(c1cc(-c2ncccc2F)[nH]n1)N1CCC(n2cnc3cc(Cl)ccc32)CC1,7.11,1.17
Oc1cc(OC2CCN(C3CC3)CC2)ccc1-c1n[nH]c2cccnc12,4.68,0.9
COc1ccc(Nc2ccnc(N(CCc3ccncc3)C3CC3)n2)cc1,9.9,1.09
COc1ccc(Nc2cc(N(CCc3ccncc3)C3CC3)ccn2)cc1,8.75,0.92
COc1ccc(Nc2cccc(N(CCc3ccncc3)C3CC3)n2)cc1,0.5,0.86
COc1ccc(N(C)c2nccc(N(CCc3ccncc3)C3CC3)n2)cc1,9.32,0.73
Clc1ccc(N2CCN(Cc3n[nH]cc3-c3ccc4ncsc4c3)CC2)nc1,3.59,0.54
Cc1[nH]nc(C(=O)N2CCC(OC3CCN(C4CC4)CC3)CC2)c1C#Cc1cncs1,5.62,5.86
O=C(c1n[nH]cc1C#Cc1ccccc1)N1CCC(OC2CCN(C3CC3)CC2)CC1,16.9,0.95
O=C(c1n[nH]cc1C#Cc1cncnc1)N1CCC(OC2CCN(C3CC3)CC2)CC1,3.03,5.77
CCn1cc(C#Cc2cncs2)c(C(=O)N2CCC(Oc3cncc(Cl)c3)CC2)n1,16.85,0.68
Cn1cc(C#Cc2cncs2)c(C(=O)N2CCC(Oc3cncc(Cl)c3)CC2)n1,17.73,0.96
Cn1ncc(C#Cc2cncs2)c1C(=O)N1CCC(Oc2cncc(Cl)c2)CC1,16.38,0.72
CCn1cc(C#Cc2cncs2)c(C(=O)N2CCN(Cc3cncc(Cl)c3)CC2)n1,21.7,1.63
COc1cncc(CN2CCN(C(=O)c3n[nH]cc3C#Cc3cncs3)CC2)c1,1.71,16.68
O=C(c1n[nH]cc1C#Cc1cncs1)N1CCN(Cc2ccc(Cl)c(F)c2)CC1,7.01,1.52
O=C(c1n[nH]cc1C#Cc1cncs1)N1CCN(c2ccc(Cl)cc2)CC1,6.66,1.18
O=C(c1n[nH]cc1C#Cc1cncs1)N1CCN(c2ccc(Cl)cn2)CC1,9.74,1.5
O=C(c1n[nH]cc1-c1ccc2ncsc2c1)N1CCN(Cc2ccc(Cl)c(F)c2)CC1,6.28,2.09
CN1CCC(N2CCN(C(=O)c3n[nH]cc3-c3ccc4ncsc4c3)CC2)CC1,0.39,1.66
C[C@H](N)COc1ccc2sc3c(c2c1)SCCN(C)C3=O,9.2,1.53
c1cncc(-c2cccc(Nc3ccc(CCN4CCC4)nc3)n2)c1,3.29,8.37
FC1(F)CN(CCc2ccc(Nc3cccc(-c4cccnc4)n3)cn2)C1,26.21,0.57
Fc1cccc(-c2cccc(Nc3cccc(CCN4CCC4)n3)n2)c1,0.51,1.38
Fc1cccc(-c2cccc(Nc3ccc(CCN4CCC4)cn3)n2)c1,2.14,1.03
NC(=O)Cc1cccc(Nc2ccnc(-c3cccnc3)n2)n1,3.56,11.23
O=C(Cn1cccc(Nc2cccc(-c3cccnc3)n2)c1=O)N1CCCC1,21.92,1.1
CN(C)CCOc1ccc(-c2ccc3ccncc3c2)cc1,14.43,0.8
FC1(F)CC(NCCOc2ccc(-c3ccc4ccncc4c3)cc2)C1,1.57,0.94
CN1CCN(CCOc2ccc(-c3ccc4ccncc4c3)cc2)CC1,8.47,0.82
Cc1[nH]nc(C(=O)N2CCC(OC3CCN(C4CC4)CC3)CC2)c1C#Cc1cncn1C,0.37,38.43
Cc1[nH]nc(C(=O)N2CCC(OC3CCN(C4CC4)CC3)CC2)c1C#Cc1cnccn1,1.76,13.67
Cn1cc(-c2ccc3ncsc3c2)c(C(=O)N2CCC(OC3CCN(C4CC4)CC3)CC2)n1,11.43,2.77
Cn1ncc(-c2ccc3ncsc3c2)c1C(=O)N1CCC(OC2CCN(C3CC3)CC2)CC1,20.66,1.41
CCn1ncc(C#Cc2cncs2)c1C(=O)N1CCC(Oc2cncc(Cl)c2)CC1,10.36,0.8
Cn1ncc(C#Cc2cncs2)c1C(=O)N1CCN(Cc2cncc(Cl)c2)CC1,21.52,0.87
CCn1ncc(C#Cc2cncs2)c1C(=O)N1CCN(Cc2cncc(Cl)c2)CC1,26.56,0.66
COc1cc2ocnc2cc1-c1cc(C(=O)N2CCN(c3ccc(Cl)cc3)CC2)[nH]n1,1.67,1.11
COc1cc2ocnc2cc1-c1cc(C(=O)N2CCN(c3ccc(Cl)cn3)CC2)[nH]n1,1.48,0.73
O=C(c1n[nH]cc1C#Cc1cncs1)N1CCC(CN2CCOCC2)CC1,7.77,2.76
O=C(c1n[nH]cc1C#Cc1cncs1)N1CCC(CN2CCC(F)(F)CC2)CC1,18.03,1.24
O=C(c1n[nH]cc1-c1ccc2ncsc2c1)N1CCN(CC2CCOCC2)CC1,2.73,7.79
COc1cncc(CN2CCN(Cc3n[nH]c4cccnc34)CC2)c1,3.19,6.39
COc1ccc(C(F)(F)F)c2c1cc1c(=O)n(CCCN3CCCCC3)ccn12,14.89,0.74
COc1c(Cl)ccc2c1[nH]c1c(=O)n(CCCN3CCCCC3)ccc12,13.04,0.67
COc1c(Cl)ccc2c3cc[nH]c(=O)c3n(CCCN3CCCCC3)c12,15.06,0.66
Cn1ccc2c([nH]c3cc(OCCN4CCCCC4)ccc32)c1=O,34.25,0.43
COc1ccc(C(F)(F)F)c2[nH]c3c(=O)n(CCCN4CCCCC4)ccc3c12,13.36,1.38
COc1ccc(C(F)(F)F)c2c1c1cc[nH]c(=O)c1n2CCCN1CCCCC1,9.15,1.0
COc1ccc2c(c1)[nH]c1c(C(=O)NCCCN3CCCCC3)ncnc12,14.81,1.16
O=c1c2[nH]c3ccsc3c2ncn1CCCN1CCCCC1,24.84,0.67
COc1c(F)ccc2c1[nH]c1c(=O)n(CCCN3CCCCC3)ccc12,25.16,0.47
COc1c(F)ccc2c3cc[nH]c(=O)c3n(CCCN3CCCCC3)c12,28.08,0.47
Cc1cc(-c2ccc(OCCN3CCCCC3)cc2)cc2cnccc12,1.45,1.45
Cc1cc(-c2ccc(OCCN3CCCCC3)cc2)c2ccncc2c1,1.91,1.15
CN1CCN(CCCOc2ccc3sc4c(c3c2)SCCN(C)C4=O)CC1,21.82,1.33
CC(=O)N[C@@H](C)COc1ccc2sc3c(c2c1)SCCN(C)C3=O,14.95,2.29
C[C@H](COc1ccc(-c2ccc3ccncc3c2)cc1)CC(N)=O,5.78,0.99
C[C@@H](COc1ccc(-c2ccc3ccncc3c2)cc1)CC(N)=O,8.35,1.15
COc1cc2cccc(Nc3cccc(-c4cccnc4)n3)c2cn1,4.96,1.35
Fc1cc2ccncc2cc1-c1ccc(OCCN2CCCC2)cc1,10.73,1.32
COc1cc2ccncc2cc1-c1ccc(OCCN2CCCC2)cc1,12.07,0.76
CN(c1cn(CC2CCNCC2)cn1)c1cccc(-c2cccc(F)c2)n1,2.96,4.05
Fc1ccccc1-n1ccc(Nc2ccc(OCCCN3CCCC3)cc2)n1,6.72,0.66
Fc1cccc(-n2ccc(Nc3ccc(OCCCN4CCCC4)cc3)n2)c1,4.34,0.65
c1cncc(-n2ccc(Nc3ccc(OCCCN4CCCC4)cc3)n2)c1,24.85,0.83
C[C@@H](CN(C)C)NC(=O)c1nccc2ccc(-c3ccc(OCCN4CCCCC4)cc3)cc12,1.17,1.62
C[C@H](CN(C)C)NC(=O)c1nccc2ccc(-c3ccc(OCCN4CCCCC4)cc3)cc12,1.57,2.31
O=C(Cn1cccc(Nc2nccc(-c3cccnc3)n2)c1=O)N1CCC1,17.12,1.85
O=C(Cn1cccc(Nc2cc(-c3cccnc3)ccn2)c1=O)N1CCC1,16.83,2.11
O=C(Cn1cccc(Nc2cccc(-c3cccnc3)n2)c1=O)N1CCOCC1,22.44,1.56
CN1CCN(C(=O)Cn2cccc(Nc3cccc(-c4cccnc4)n3)c2=O)CC1,8.3,4.27
Fc1cccc(-c2ccnc(Nc3ccc(CCN4CC(F)(F)C4)cn3)n2)c1,4.3,0.88
CC(C)NCCOc1ccc(-c2cc3cnccc3cn2)cc1,25.65,1.08
c1ncc2cc(-c3ccc(OCCN4CCNCC4)cc3)ccc2n1,10.82,1.69
c1cc(-c2ccc3cnncc3c2)ccc1OCCN1CCNCC1,4.99,4.55
COc1ccc(-c2cc(NC3CCN(Cc4cncc(Cl)c4)CC3)n[nH]2)c(OC)c1,10.76,0.59
O=C(c1n[nH]c2cnc(-c3ccccc3)nc12)N1CCC(OC2CCN(C3CC3)CC2)CC1,12.53,1.87
O=C(c1n[nH]c2cnc(-c3ccccc3)nc12)N1CCC(Oc2ccc(Cl)cc2)CC1,0.05,2.38
O=C(c1n[nH]c2cc(-c3ccccn3)cnc12)N1CCC(Oc2ccc(Cl)cc2)CC1,0.17,1.78
O=C(c1n[nH]c2cc(-c3ccccn3)cnc12)N1CCC(Oc2cncc(Cl)c2)CC1,3.43,8.92
Clc1cncc(C2CCN(Cc3n[nH]cc3-c3ccc4ncsc4c3)CC2)c1,12.42,0.82
c1nc2ccc(-c3c[nH]nc3CN3CCC(c4cnnc(C5CC5)c4)CC3)cc2s1,10.72,2.89
Cc1[nH]nc(C(=O)N2CCC(OC3CCN(C4CC4)CC3)CC2)c1C#Cc1ccccn1,2.35,17.47
Cc1[nH]nc(C(=O)N2CCC(OC3CCN(C4CC4)CC3)CC2)c1C#Cc1cccnn1,0.63,18.55
COc1cc2ocnc2cc1-c1cc(C(=O)N2CCC(Oc3cncc(Cl)c3)CC2)[nH]n1,6.41,1.43
COc1cncc(OC2CCN(C(=O)c3cc(-c4cc5ncoc5cc4OC)n[nH]3)CC2)c1,7.72,2.1
COc1cc2ocnc2cc1-c1cc(C(=O)N2CCC(OC3CCN(C4CC4)CC3)CC2)[nH]n1,12.6,2.6
CCC(=O)N1CCN(C(=O)c2n[nH]cc2-c2ccc3ncsc3c2)CC1,1.77,6.0
O=C(c1n[nH]cc1C#Cc1cncs1)N1CCN(CC2CCOCC2)CC1,9.82,2.42
O=C(c1n[nH]cc1C#Cc1cncs1)N1CCC(CN2CCCCC2)CC1,5.02,3.33
O=C(c1n[nH]cc1-c1ccc2ncsc2c1)N1CCC(OC2CCN(CC(F)(F)F)CC2)CC1,14.07,1.81
O=C(c1n[nH]cc1-c1ccc2ncsc2c1)N1CCC(OC2CCN(CC(F)F)CC2)CC1,10.76,1.98
O=C(c1n[nH]cc1-c1ccc2ncsc2c1)N1CCC(OC2CCN(CCF)CC2)CC1,1.61,8.73
O=C(c1n[nH]cc1-c1ccc2ncsc2c1)N1CCC(CN2CCCCC2)CC1,1.94,6.66
Clc1ccc(N2CCN(Cc3n[nH]c4cccnc34)CC2)nc1,27.39,0.76
O=C(c1n[nH]c2cccc(Cl)c12)N1CCC(Oc2cncc(Cl)c2)CC1,8.56,1.03
O=C(c1n[nH]c2ccc(Cl)cc12)N1CCC(Oc2cncc(Cl)c2)CC1,3.16,0.81
O=C(c1n[nH]c2cc(Cl)ccc12)N1CCC(Oc2cncc(Cl)c2)CC1,5.88,0.83
O=C(c1n[nH]c2ccc(Cl)nc12)N1CCC(Oc2cncc(Cl)c2)CC1,7.36,3.37
O=c1cc2cccc(Nc3cccc(-c4cccnc4)n3)c2c[nH]1,15.3,1.43
c1cnc2cc(-n3ccc(OCC4CNC4)n3)ccc2c1,11.23,2.41
c1ccc(-n2cc(Nc3ccc(OCCCN4CCCC4)cc3)cn2)nc1,19.61,1.19
FC1(F)CN(CCc2ccc(Nc3ccn(-c4cccnc4)n3)cc2)C1,31.54,0.84
Fc1cccc(-n2ccc(Nc3ccc(CCN4CC(F)(F)C4)cc3)n2)c1,1.28,1.32
c1cc2ccc(-c3ccc(CCCN4CCCCC4)cc3)cc2cn1,5.68,1.37
C[C@@H](CN(C)C)NC(=O)c1nccc2ccc(-c3ccc(OCCN4CCC(F)(F)CC4)cc3)cc12,0.37,3.93
C[C@H](CN(C)C)NC(=O)c1nccc2ccc(-c3ccc(OCCN4CCC(F)(F)CC4)cc3)cc12,0.18,5.16
CN1CCC(C(F)(F)c2ccc(N(C)c3cccc(-c4cccnc4)n3)cc2)CC1,0.2,3.82
CC(C)NCCOc1ccc(-c2ccc3ncncc3c2)cc1,15.31,1.31
c1cc2ccc(-c3ccc(OCCN4CCNCC4)cc3)nc2cn1,10.84,1.81
CC(C)NCCOc1ccc(-c2ccc3ccncc3n2)cc1,16.1,1.19
c1cc2ncc(-c3ccc(OCCN4CCNCC4)cc3)cc2cn1,8.38,2.93
c1cc2cnc(-c3ccc(OCCN4CCNCC4)cc3)cc2cn1,12.57,1.69
c1cc2ccc(-c3ccc(OCCN4CCC4)cc3)cc2cn1,10.35,1.07
COC1CN(CCOc2ccc(-c3ccc4ccncc4c3)cc2)C1,8.08,1.32
COC1(C)CN(CCOc2ccc(-c3ccc4ccncc4c3)cc2)C1,9.77,1.07
c1cc2ccc(-c3ccc(OCCN4CC5(CCO5)C4)cc3)cc2cn1,9.89,0.75
C[C@@H]1CN(CCOc2ccc(-c3ccc4ccncc4c3)cc2)C[C@H](C)O1,5.43,1.0
c1ccc(-n2ccc(Nc3ccc(OCCCN4CCOCC4)cc3)n2)nc1,11.71,0.72
c1cc(-c2ccc3cnsc3c2)ccc1OCCN1CCOCC1,7.33,0.65
Clc1cc(CN2CCOCC2)ccc1Nc1nccc(-c2ccnnc2)n1,28.99,0.84
Cc1cc(-c2ccc3ccncc3c2)ccc1OCCN1CCOCC1,3.0,0.89
O=C(c1n[nH]c2ccc(-c3ccccn3)nc12)N1CCC(Oc2ccc(Cl)cc2)CC1,0.69,3.79
O=C(c1n[nH]c2cnc(-c3ccccc3)nc12)N1CCC(Oc2cncc(Cl)c2)CC1,1.36,3.96
COc1ccc(Nc2nccc(N(CCCc3ccncc3)C3CC3)n2)cc1,2.73,1.02
COc1ncc(Oc2cccc(N(CCc3ccncc3)C3CC3)c2)cn1,10.2,0.71
CN1[C@@H]2CC[C@H]1C[C@H](OC1CCN(C(=O)c3n[nH]cc3-c3ccc4ncsc4c3)CC1)C2,0.31,3.42
CN1[C@@H]2CC[C@H]1C[C@@H](OC1CCN(C(=O)c3n[nH]cc3-c3ccc4ncsc4c3)CC1)C2,0.4,2.89
O=C(c1n[nH]cc1C#Cc1ncccn1)N1CCC(OC2CCN(C3CC3)CC2)CC1,0.8,19.47
Cc1[nH]nc(C(=O)N2CCC(OC3CCN(C4CC4)CC3)CC2)c1C#Cc1cncnc1,4.61,5.69
O=C(c1n[nH]cc1C#Cc1ncccn1)N1CCC(Oc2ccc(Cl)cc2)CC1,3.97,2.55
COc1cc2ocnc2cc1-c1cc(C(=O)N2CCC(OC3CCN(C4CC4)CC3)CC2)n(C)n1,19.51,0.82
CCn1cc(-c2ccc3ncsc3c2)c(C(=O)N2CCC(OC3CCN(C4CC4)CC3)CC2)n1,12.44,1.66
CCn1ncc(-c2ccc3ncsc3c2)c1C(=O)N1CCC(OC2CCN(C3CC3)CC2)CC1,20.8,1.06
COc1cc2ocnc2cc1-c1cc(C(=O)N2CCC(OC3CCN(C)CC3)CC2)[nH]n1,1.54,14.42
Clc1cncc(O[C@H]2C[C@H]3CC[C@@H](C2)N3Cc2n[nH]c3cccnc23)c1,11.58,1.82
Clc1cncc(O[C@@H]2C[C@H]3CC[C@@H](C2)N3Cc2n[nH]c3cccnc23)c1,26.52,1.48
COc1cncc(CN2CCN(C(=O)c3n[nH]c4cccnc34)CC2)c1,1.06,16.31
O=C(c1n[nH]c2cccnc12)N1CCN(c2ccc(Cl)cn2)CC1,10.57,3.41
COc1cncc(OC2CCN(C(=O)c3n[nH]c4cc(-c5ccccn5)cnc34)CC2)c1,0.9,39.47
COc1cncc(OC2CCN(C(=O)c3cc(-c4ccn5nccc5c4)n[nH]3)CC2)c1,8.65,2.33
COc1cncc(OC2CCN(C(=O)c3cccc4[nH]cnc34)CC2)c1,8.01,4.0
O=C(c1cccc2[nH]cnc12)N1CCN(Cc2ccc(Cl)c(F)c2)CC1,26.69,0.9
O=C(c1n[nH]c2c(Cl)cccc12)N1CCC(Oc2cncc(Cl)c2)CC1,6.4,0.92
O=C(c1n[nH]c2c(F)cccc12)N1CCC(Oc2cncc(Cl)c2)CC1,9.36,1.03
COc1ccc(-c2cc(C(=O)N3CCC(OC4CCOCC4)CC3)[nH]n2)c(OC)c1,11.71,1.73
COc1ccc(-c2cc(C(=O)N3CC[C@@H](Oc4ccc(F)cc4)C3)[nH]n2)c(OC)c1,0.67,1.15
COc1ccc(-c2cc(C(=O)N3CC[C@H](Oc4ccc(F)cc4)C3)[nH]n2)c(OC)c1,0.62,1.0
COc1ccc(-c2cc(C(=O)N3CC[C@H](Oc4ccccc4)C3)[nH]n2)c(OC)c1,2.24,1.47
COc1ccc(-c2cc(C(=O)N3CC[C@@H](Oc4ccccc4)C3)[nH]n2)c(OC)c1,1.06,1.17
COc1ccc(-c2cc(C(=O)N3CC[C@@H](OC)C3)[nH]n2)c(OC)c1,27.41,0.87
COc1ccc(-c2cc(C(=O)N3CC[C@H](OC)C3)[nH]n2)c(OC)c1,27.21,0.72
COc1ccc(-c2cc(C(=O)N3CCC(Oc4ncccc4F)CC3)[nH]n2)c(OC)c1,3.83,1.28
Fc1cc(OCCN2CCCC2)ccc1-c1ccc2ccncc2c1,8.77,1.11
NC(=O)Cc1cccc(Nc2nccc(-c3cccnc3Cl)n2)n1,19.12,1.57
NC(=O)Cc1cccc(Nc2nccc(-c3ccnnc3)n2)n1,1.34,15.97
CNC(=O)Cc1cccc(Nc2nccc(-c3ccnnc3)n2)n1,2.26,12.36
CN(C)C(=O)Cn1cccc(Nc2cccc(-c3cccnc3)n2)c1=O,24.61,1.15
O=C(Cn1cccc(Nc2cccc(-c3cccnc3)n2)c1=O)N1CCC(F)(F)CC1,10.33,0.7
O=C(Cn1cccc(Nc2cccc(-c3cccnc3)n2)c1=O)N1CC(F)(F)C1,13.83,0.81
Fc1cccc(-c2ccnc(Nc3ccc(CCN4CC(F)(F)C4)nc3)n2)c1,8.4,1.02
CC(=O)NCc1cccc(Nc2cccc(-c3cccnc3)n2)n1,24.17,1.17
c1cc2ccc(-c3ccc(OCCN4CC5(COC5)C4)cc3)cc2cn1,8.25,1.3
CC1(C)CN(CCOc2ccc(-c3ccc4ccncc4c3)cc2)CCO1,2.12,1.23
CC1(C)COCCN1CCOc1ccc(-c2ccc3ccncc3c2)cc1,2.11,1.21
Cn1ncc2cc(-c3ccc(OCCN4CCOCC4)cc3)ccc21,15.21,0.7
Cn1cc2cc(-c3ccc(OCCN4CCOCC4)cc3)ccc2n1,25.06,0.75
Cn1cc2ccc(-c3ccc(OCCN4CCOCC4)cc3)cc2n1,17.77,0.75
Cn1cnc2cc(-c3ccc(OCCN4CCOCC4)cc3)ccc21,19.18,0.79
Cn1cnc2ccc(-c3ccc(OCCN4CCOCC4)cc3)cc21,20.69,0.78
c1cc(-c2ccn3cncc3c2)ccc1OCCN1CCOCC1,17.44,1.2
Cn1ncc2ccc(-c3ccc(OCCN4CCOCC4)cc3)cc21,10.6,1.23
Cc1c(N)c(-c2ccc(OCCN3CCOCC3)cc2)cc2cnccc12,7.38,0.9
Fc1cc(-c2ccc3ccncc3c2)c(F)cc1OCCN1CCOCC1,7.35,1.21
Fc1cc(CN2CCOCC2)ccc1Nc1nccc(-c2ccnnc2)n1,36.4,0.8
Cc1cc(CN2CCOCC2)ccc1Nc1nccc(-c2ccnnc2)n1,29.21,0.98
COc1cc(CN2CCOCC2)ccc1Nc1nccc(-c2ccnnc2)n1,20.81,1.7
Cc1cc(Nc2nccc(-c3ccnnc3)n2)ccc1CN1CCOCC1,38.37,0.93
COc1cc(Nc2nccc(-c3ccnnc3)n2)ccc1CN1CCOCC1,16.14,2.39
COc1cc(-c2ccc3ccncc3c2)ccc1OCCN1CCOCC1,11.04,1.61
Cc1cc(OCCN2CCOCC2)ccc1-c1ccc2ccncc2c1,8.52,1.07
O=C(c1n[nH]c2cncnc12)N1CCC(Oc2ccc(Cl)cc2)CC1,16.74,0.99
O=C(c1n[nH]c2nc(-c3ccccc3)ncc12)N1CCC(Oc2cncc(Cl)c2)CC1,0.35,0.32
Clc1ccc(N2CCN(Cc3n[nH]cc3-c3ccc4ncsc4n3)CC2)nc1,14.81,0.64
Clc1ccc(N2CCN(Cc3n[nH]cc3-c3ccc4ncsc4n3)CC2)cc1,7.04,0.81
Cc1[nH]nc(C(=O)N2CCC(OC3CCN(C4CC4)CC3)CC2)c1C#Cc1ncccn1,0.38,42.36
O=C(c1cc(C#Cc2cncs2)n[nH]1)N1CCC(OC2CCN(C3CC3)CC2)CC1,21.04,1.31
Clc1cncc(OC2CCN(Cc3n[nH]c4cccnc34)C3(CC3)C2)c1,24.79,0.92
Cc1ccc2[nH]nc(C(=O)N3CCC(Oc4cncc(Cl)c4)CC3)c2n1,4.79,9.2
COc1cncc(OC2CCN(C(=O)c3cc(-c4cc5ncn(C)c5cc4OC)n[nH]3)CC2)c1,0.4,82.24
COc1cc2c(cc1-c1cc(C(=O)N3CCC(Oc4cncc(Cl)c4)CC3)[nH]n1)ncn2C,1.66,19.2
COc1cncc(OC2CCN(C(=O)c3cc(-c4ccn5cncc5c4)n[nH]3)CC2)c1,1.62,23.1
O=C(c1cccc2[nH]cnc12)N1CCC(Oc2cncc(C(F)(F)F)c2)CC1,15.63,2.08
O=C(c1cccc2[nH]c(C3CC3)nc12)N1CCC(Oc2cncc(C(F)(F)F)c2)CC1,19.16,1.89
COc1cccc2c(C(=O)N3CCC(Oc4cncc(Cl)c4)CC3)n[nH]c12,13.2,0.88
O=C(c1cc(-c2ccccc2O)n[nH]1)N1CCC(Oc2ccc(Cl)cc2)CC1,0.19,2.13
Cc1cc(C#N)cc2c3cc(OCCN4CCC(F)(F)CC4)ccc3n(C)c12,0.06,3.55
CNCCc1cccc(Nc2cccc(-c3cccnc3)n2)n1,5.31,8.64
O=C(Cn1cccc(Nc2cccc(-c3cccnc3)n2)c1=O)N1CCNCC1,0.23,46.26
NC(=O)Cc1cccc(Nc2nccc(-c3cnccn3)n2)n1,7.21,2.84
CNC(=O)Cc1cccc(Nc2nccc(-c3cnccn3)n2)n1,9.52,1.85
O=C(NCc1cccc(Nc2cccc(-c3cccnc3)n2)n1)C1CCC1,16.86,1.28
O=c1cc(Nc2cccc(-c3cccc(F)c3)n2)ccn1CCN1CC(F)(F)C1,8.73,1.88
c1cc2ccc(-c3ccc(OCCC4OCCCO4)cc3)cc2cn1,4.6,1.02
CS(=O)(=O)Nc1cccc(Nc2cccc(-c3cccnc3)n2)n1,8.42,4.16
c1cc(OCCN2CCCCC2)cc(-c2cc(-c3ccncc3)ccn2)c1,22.1,0.93
Cc1cc(-c2ccncc2)cc(-c2cccc(OCCN3CCCCC3)c2)c1N,2.9,2.68
c1cc2ccc(-c3ccc(OCCN4C5CCC4COC5)cc3)cc2cn1,2.91,2.57
C[C@H]1CN(CCOc2ccc(-c3ccc4ccncc4c3)cc2)CCO1,7.14,1.27
C[C@@H]1CN(CCOc2ccc(-c3ccc4ccncc4c3)cc2)CCO1,5.12,1.49
c1cc(-c2ccc3cncn3c2)ccc1OCCN1CCOCC1,15.31,1.02
c1cc(-c2ccc3sncc3c2)ccc1OCCN1CCOCC1,4.49,1.85
Fc1cc(-c2ccc3ccncc3c2)ccc1OCCN1CCOCC1,11.71,0.93
Fc1c(OCCN2CCOCC2)ccc(-c2ccc3ccncc3c2)c1F,4.65,1.46
Fc1cc(-c2ccc3ccncc3c2)cc(F)c1OCCN1CCOCC1,17.33,0.52
Fc1cc(OCCN2CCOCC2)ccc1-c1ccc2ccncc2c1,9.51,0.95
Fc1cc(OCCN2CCOCC2)cc(F)c1-c1ccc2ccncc2c1,3.21,2.67
Fc1cc(Nc2nccc(-c3ccnnc3)n2)ccc1CN1CCOCC1,24.02,1.17
Clc1cc(Nc2nccc(-c3ccnnc3)n2)ccc1CN1CCOCC1,26.76,0.66
Clc1cc(-c2ccc3ccncc3c2)ccc1OCCN1CCOCC1,3.01,0.97
Clc1cc(OCCN2CCOCC2)ccc1-c1ccc2ccncc2c1,6.05,1.02
COc1cc(OCCN2CCOCC2)ccc1-c1ccc2ccncc2c1,10.38,1.22
CN1CCC(N2CCN(C(=O)c3n[nH]cc3-c3ccc4ncsc4c3)CC2)C(F)C1,0.38,5.9
COc1ccc(-c2cc(C(=O)N3CCC(Oc4ccc(N(C)C)nc4)CC3)[nH]n2)c(OC)c1,4.23,1.35
COc1ccc(-c2c[nH]nc2C(=O)N2CCN(c3cncc(Cl)c3)CC2)c(OC)c1,5.82,7.04
COc1ccc(-c2cc(C(=O)N3CCC(Oc4ncccn4)CC3)[nH]n2)c(OC)c1,19.8,1.34
COc1ccc(-c2cc(C(=O)N3CCC(Oc4cncc(Cl)n4)CC3)[nH]n2)c(OC)c1,5.23,1.21
Cc1cccc2[nH]nc(C(=O)N3CCC(Oc4cncc(C5CC5)c4)CC3)c12,10.02,1.75
O=C(c1n[nH]c2c(F)cccc12)N1CCC(Oc2cncc(C3CC3)c2)CC1,9.35,1.17
O=C(c1n[nH]c2cc(OC(F)(F)F)ccc12)N1CCC(Oc2cncc(C3CC3)c2)CC1,0.41,6.43
Clc1cncc(OC2CC3(C2)CN(Cc2n[nH]c4cccnc24)C3)c1,15.48,2.55
O=C(c1n[nH]c2cccnc12)N1CC[C@]2(C1)C[C@@H](Oc1cncc(Cl)c1)C2,7.79,5.03
O=C(c1n[nH]c2cccnc12)N1CC[C@]2(C1)C[C@H](Oc1cncc(Cl)c1)C2,2.51,8.08
Clc1cncc(O[C@H]2C[C@@]3(CCN(Cc4n[nH]c5cccnc45)C3)C2)c1,16.53,2.17
Clc1cncc(O[C@H]2C[C@]3(CCN(Cc4n[nH]c5cccnc45)C3)C2)c1,16.7,2.17
Clc1cncc(O[C@H]2C[C@]3(CCN(Cc4n[nH]c5ccccc45)C3)C2)c1,14.14,1.27
Clc1cncc(O[C@H]2C[C@@]3(CCN(Cc4n[nH]c5ccccc45)C3)C2)c1,15.98,1.08
O=C(c1cc(-c2ccn3nccc3c2)n[nH]1)N1CCC(Oc2cncc(Cl)c2)CC1,5.05,2.74
O=C(c1cc(-c2ccn3cncc3c2)n[nH]1)N1CCC(Oc2cncc(Cl)c2)CC1,3.45,7.18
O=C(c1cc(-c2ccn3ccnc3c2)n[nH]1)N1CCC(Oc2cncc(Cl)c2)CC1,2.47,17.22
O=C(c1cc(C#Cc2cncs2)n[nH]1)N1CCC(Oc2cncc(Cl)c2)CC1,6.2,1.5
O=C(c1n[nH]c2cccnc12)N1C[C@H]2CC[C@@H](C1)[C@@H]2Oc1cncc(Cl)c1,8.85,2.83
O=C(c1n[nH]c2cccnc12)N1C[C@H]2CC[C@@H](C1)[C@H]2Oc1cncc(Cl)c1,8.01,4.83
CN(c1cccc(-c2cccnc2)n1)c1cccn(CC(=O)N2CCC2)c1=O,5.8,4.21
O=c1cc(Nc2cccc(-c3cccc(F)c3)n2)ccn1CCN1CCC1,4.38,8.83
O=c1cc(Nc2nccc(-c3cccc(F)c3)n2)cnn1CCN1CC(F)(F)C1,13.8,0.89
O=c1cc(Nc2nccc(-c3cccc(F)c3)n2)ccn1CCN1CC(F)(F)C1,18.99,1.14
Nc1c(-c2ccc(OCCN3CCCCC3)cc2)ccc2ccncc12,20.25,0.79
Nc1ccc(-c2ccncc2)cc1-c1cccc(OCCN2CCCCC2)c1,11.9,1.06
c1cc2ccc(-c3ccc(OCCN4C5COCC4C5)cc3)cc2cn1,17.43,0.83
c1cc2ccc(-c3ccc(OCCN4CC5CCC(C4)O5)cc3)cc2cn1,5.84,0.67
F[C@H]1CCN(CCOc2ccc(-c3ccc4ccncc4c3)cc2)C1,12.53,0.81
F[C@@H]1CCN(CCOc2ccc(-c3ccc4ccncc4c3)cc2)C1,7.62,0.71
CO[C@H]1CCN(CCOc2ccc(-c3ccc4ccncc4c3)cc2)C1,8.3,0.91
CO[C@@H]1CCN(CCOc2ccc(-c3ccc4ccncc4c3)cc2)C1,14.32,0.59
CN1CCN(Cc2cccc(Nc3nccc(-c4cc(F)cc(N5CCOCC5)c4)n3)c2)CC1,5.03,0.39
Fc1cc(-c2ccnc(Nc3cccc(CN4CCCCC4)c3)n2)cc(N2CCOCC2)c1,1.88,1.43
Fc1cc(-c2ccnc(Nc3ccc(CN4CCCCC4)cc3)n2)cc(N2CCOCC2)c1,2.26,1.9
CN1CCN(Cc2ccc(Nc3nccc(-c4cc(F)cc(N5CCOCC5)c4)n3)cc2)CC1,4.66,0.87
c1cc(OCCN2CCOCC2)cc(-c2ccc3ccncc3c2)c1,13.32,0.88
Clc1cc2ccncc2cc1-c1ccc(OCCN2CCCCC2)cc1,6.07,0.59
Clc1cncc(O[C@@H]2[C@@H]3CC[C@H]2CN(Cc2n[nH]c4c(Cl)ccnc24)C3)c1,19.19,0.58
Cc1ccc2[nH]nc(CN3C[C@H]4CC[C@@H](C3)[C@@H]4Oc3cncc(Cl)c3)c2n1,22.19,0.7
Clc1cncc(O[C@@H]2[C@@H]3CC[C@H]2CN(Cc2n[nH]c4nccnc24)C3)c1,19.19,0.8
Clc1cncc(O[C@@H]2[C@@H]3CC[C@H]2CN(Cc2n[nH]c4cncnc24)C3)c1,27.88,0.78
O=C(c1n[nH]c2cccnc12)N1CCC2(CC[C@@H](Oc3cncc(Cl)c3)C2)CC1,9.08,3.65
O=C(c1n[nH]c2cccnc12)N1CCC2(CC[C@H](Oc3cncc(Cl)c3)C2)CC1,14.26,2.15
Clc1cncc(O[C@@H]2[C@@H]3CC[C@H]2CN(Cc2n[nH]c4ncncc24)C3)c1,13.67,0.77
Clc1cncc(O[C@@H]2[C@@H]3CC[C@H]2CN(Cc2n[nH]c4ccc(-c5ccccn5)cc24)C3)c1,0.31,1.74
O=C(c1n[nH]cc1C#Cc1cncs1)N1C[C@H]2CC[C@@H](C1)[C@@H]2Oc1cncc(Cl)c1,10.8,1.5
CN1CCC(OC2CCN(Cc3n[nH]cc3-c3ccc4ncsc4c3)CC2)CC1,2.3,9.68
O=C(c1n[nH]c2ccccc12)N1C[C@H]2CC[C@@H](C1)[C@@H]2Oc1cncc(Cl)c1,10.58,0.7
Clc1cncc(O[C@@H]2[C@@H]3CC[C@H]2CN(Cc2n[nH]c4ccccc24)C3)c1,2.63,0.46
Clc1cncc(O[C@@H]2[C@@H]3CC[C@H]2CN(Cc2[nH]ncc2-c2ccc4ncsc4c2)C3)c1,0.12,6.56
O=C(c1[nH]ncc1-c1ccc2ncsc2c1)N1C[C@H]2CC[C@@H](C1)[C@@H]2Oc1cncc(Cl)c1,7.25,2.28
COc1ccc(-c2cc(C(=O)N3C[C@H]4CC[C@@H](C3)[C@@H]4Oc3cncc(Cl)c3)[nH]n2)c(OC)c1,1.14,1.68
Cn1ccc2c([nH]c3c(CCN4CCCCC4)cccc32)c1=O,24.46,1.51
CNCCc1cccc2c1[nH]c1c(=O)n(C)ccc12,13.65,1.74
N#Cc1cc2c(cc1F)[nH]c1c(=O)n(CCCN3CCCCC3)ccc12,8.13,1.95
CC1(C)C(=O)Nc2c(Nc3cccc(-c4cccnc4)n3)cccc21,17.55,0.86
O=C1Nc2c(Nc3cccc(-c4cccnc4)n3)cccc2C12CC2,14.8,1.18
NC(=O)Cc1cccc(Nc2nc(-c3cccnc3)ccc2F)n1,27.24,1.38
Nc1ccc(OCCN2CCCCC2)cc1-c1cc(-c2ccnnc2)ccn1,7.26,4.39
Nc1ccc(OCCN2CCCCC2)cc1-c1nccc(-c2ccncc2)n1,21.54,0.79
O=C(NCc1cccc(Nc2cccc(-c3cccnc3)n2)n1)C1COC1,8.09,4.08
O=C(NCc1cccc(Nc2cccc(-c3cccnc3)n2)n1)C1CC(F)(F)C1,17.98,0.78
O=C(Cn1cc(Nc2cccc(-c3cccnc3)n2)ccc1=O)N1CCC1,1.5,14.52
O=c1cc(Nc2cccc(-c3cccc(F)c3)n2)cnn1CCN1CC(F)(F)C1,15.85,0.93
CN1CCC(Cn2ccc(Nc3cccc(-c4cccnc4)n3)cc2=O)CC1,0.37,6.05
CN1CCC(Cn2ccc(Nc3cccc(-c4cccc(F)c4)n3)cc2=O)CC1,0.41,56.35
Clc1cc(-c2ccc(OCCN3CCCCC3)cc2)cc2cnccc12,0.85,1.35
Clc1cc(-c2ccc(OCCN3CCCCC3)cc2)c2ccncc2c1,1.1,2.54
COc1cc(-c2ccc(OCCN3CCCCC3)cc2)cc2cnccc12,1.76,2.45
COc1cc(-c2ccc(OCCN3CCCCC3)cc2)c2ccncc2c1,5.48,1.44
N#Cc1cc(-c2ccc(OCCN3CCCCC3)cc2)c2ccncc2c1,12.0,1.35
N#Cc1cc(-c2ccc(OCCN3CCCCC3)cc2)cc2cnccc12,5.36,1.88
Cc1c(OCCN2CCCCC2)ccc(-c2ccc3ccncc3c2)c1N,8.82,2.03
c1cc2cc(N3CCC3)c(-c3ccc(OCCN4CCCCC4)cc3)cc2cn1,0.53,5.49
CSc1cc2ccncc2cc1-c1ccc(OCCN2CCCCC2)cc1,1.11,4.08
Cc1c(N)c(-c2ccc(OCCN(C)C)cc2)cc2cnccc12,2.92,2.57
CN(CCOc1ccc(-c2ccc3ccncc3c2)cc1)C1COC1,15.63,0.69
CC(C)N(C)CCOc1ccc(-c2ccc3ccncc3c2)cc1,13.18,1.01
CN(CCOc1ccc(-c2ccc3ccncc3c2)cc1)C1CCC1,6.04,1.16
CCOc1ccc2[nH]nc(CN3C[C@H]4CC[C@@H](C3)[C@@H]4Oc3cncc(Cl)c3)c2n1,3.27,0.86
Clc1cncc(O[C@@H]2[C@@H]3CC[C@H]2CN(Cc2n[nH]cc2C#Cc2cncs2)C3)c1,3.34,0.67
COc1ccc(-c2cc(C(=O)N3C[C@H]4CC[C@@H](C3)[C@@H]4Oc3cncc(Cl)c3)[nH]n2)nc1,9.28,0.79
COc1cccnc1-c1cc(C(=O)N2C[C@H]3CC[C@@H](C2)[C@@H]3Oc2cncc(Cl)c2)[nH]n1,8.31,1.23
CNCCCOc1cccc2c1[nH]c1c(=O)n(C)ccc12,9.87,2.29
N#Cc1cc(Cl)c2[nH]c3c(=O)n(CCCN4CCCCC4)ccc3c2c1,11.64,1.88
COC[C@H](C)NC(=O)c1cccc(-c2cc(C)c3ccncc3c2)c1,18.72,0.7
FC1(F)CN(CCOc2ccc(-c3cc4cnccc4cc3Cl)cc2)C1,2.18,1.28
O=C1COc2ccc(-c3cccc(OCCN4CCCCC4)n3)cc2N1,16.87,1.02
CC(=O)N[C@@H](C)COc1cccc(-c2ccc3c(c2)NC(=O)CO3)c1,12.14,1.49
C[C@H](N)COc1cccc(-c2ccc3c(c2)NC(=O)CO3)c1,9.49,1.16
O=C1COCCN1CCOc1ccc(-c2ccc3ccncc3c2)cc1,16.79,0.63
O=C1OCCN1CCOc1ccc(-c2ccc3ccncc3c2)cc1,15.72,0.77
Cc1cc2ccncc2cc1-c1ccc(OCCN2CCCCC2)cc1,6.9,0.86
Cc1ccc2cnccc2c1-c1ccc(OCCN2CCCCC2)cc1,8.2,0.95
Nc1cc(-c2ccc(OCCN3CCCCC3)cc2)cc2cnccc12,8.61,0.89
CN(CCOc1ccc(-c2ccc3ccncc3c2)cc1)C1CC(F)(F)C1,1.6,1.06
Cc1nccc2ccc(-c3ccc(OCCN4CCCCC4)cc3)cc12,5.33,1.05
Cc1c(-c2ccc(OCCN3CCCCC3)cc2)ccc2ccncc12,7.93,1.08
CN1CC(COc2ccc(-c3ccc4ccncc4c3)cc2)C1,9.14,1.06
CN1CCC(COc2ccc(-c3ccc4ccncc4c3)cc2)CC1,2.48,1.75
CN1CCC(Oc2ccc(-c3ccc4ccncc4c3)cc2)CC1,3.92,2.08
c1cc2ccc(-c3ccc(OC4CCNCC4)cc3)cc2cn1,2.57,1.98
c1cc2ccc(-c3ccc(O[C@H]4CCNC4)cc3)cc2cn1,6.08,1.15
c1cc2ccc(-c3ccc(O[C@@H]4CCNC4)cc3)cc2cn1,8.02,1.78
CN1CC[C@H](Oc2ccc(-c3ccc4ccncc4c3)cc2)C1,11.53,1.2
CN1CC[C@@H](Oc2ccc(-c3ccc4ccncc4c3)cc2)C1,5.11,1.82
Cn1ncc2cc(-c3ccc(OCCN4CCCCC4)cc3)ccc21,14.57,1.38
FC(F)(F)c1ccnc2c(CN3C[C@H]4CC[C@@H](C3)[C@@H]4Oc3cncc(Cl)c3)n[nH]c12,6.65,0.77
Cc1ccnc2c(CN3C[C@H]4CC[C@@H](C3)[C@@H]4Oc3cncc(Cl)c3)n[nH]c12,22.44,0.76
Fc1ccc2[nH]nc(CN3C[C@H]4CC[C@@H](C3)[C@@H]4Oc3cncc(Cl)c3)c2n1,10.32,0.7
Cc1ccc(F)c2[nH]nc(CN3C[C@H]4CC[C@@H](C3)[C@@H]4Oc3cncc(Cl)c3)c12,0.03,4.59
COc1cccnc1-c1cc(CN2C[C@H]3CC[C@@H](C2)[C@@H]3Oc2cncc(Cl)c2)[nH]n1,9.02,0.92
Clc1cncc(O[C@@H]2[C@@H]3CC[C@H]2CN(Cc2n[nH]c4ccc(-c5ccccn5)nc24)C3)c1,1.23,2.11
O=C(c1n[nH]c2cc(Cl)ccc12)N1C[C@H]2CC[C@@H](C1)[C@@H]2Oc1cncc(Cl)c1,1.12,1.53
O=C(c1n[nH]c2cccc(Cl)c12)N1C[C@H]2CC[C@@H](C1)[C@@H]2Oc1cncc(Cl)c1,3.35,1.84
Cc1cc(-c2cccc(OC3CNC3)c2)cc2cnccc12,4.79,1.93
Cc1cc(-c2cccc(C(=O)NC[C@H](C)O)c2)cc2cnccc12,16.62,1.82
Cc1cc(-c2cccc(C(=O)NC[C@H](C)O)c2)c2ccncc2c1,11.93,2.7
C[C@@H](CN(C)C)NC(=O)c1nccc2ccc(-c3cccc(OCCCN4CCN(C)CC4)c3)cc12,0.58,6.96
C[C@H](CN(C)C)NC(=O)c1nccc2ccc(-c3cccc(OCCCN4CCN(C)CC4)c3)cc12,1.12,1.27
CNCCOc1ccc(-c2cc(C)c3ccncc3c2)cc1,4.0,1.49
Cc1cc(-c2ccc(OCCN3CCCCC3)cc2)cc2ncccc12,5.3,1.15
NC(=O)Cn1cc(Nc2cccc(-c3cccnc3)n2)ccc1=O,0.19,44.95
Clc1c(-c2ccc(OCCN3CCCCC3)cn2)ccc2ccncc12,21.48,1.18
CCc1c(N)c(-c2ccc(OCCN3CCCCC3)cc2)cc2cnccc12,2.4,1.62
Nc1c(-c2ccc(OCCN3CCCCC3)cc2)cc2cnccc2c1C1CC1,1.43,2.79
CCc1cc(-c2ccc(OCCN3CCCCC3)cc2)cc2cnccc12,1.44,1.29
CC(C)c1cc(-c2ccc(OCCN3CCCCC3)cc2)cc2cnccc12,0.5,1.92
Cc1cc2ccc(-c3ccc(OCCN4CCCCC4)cc3)cc2cn1,2.69,1.78
Clc1cc2ccc(-c3ccc(OCCN4CCCCC4)cc3)cc2cn1,1.05,1.3
Cc1c(N)c(-c2ccc(O[C@@H](C)CN3CCCCC3)cc2)cc2cnccc12,4.17,0.8
Cc1c(N)c(-c2ccc(O[C@H](C)CN3CCCCC3)cc2)cc2cnccc12,1.61,1.98
CN1CC(Oc2ccc(-c3ccc4ccncc4c3)cc2)C1,15.13,0.77
Clc1cncc(O[C@@H]2C[C@H]3CC[C@@H]2CN3Cc2n[nH]c3cccnc23)c1,10.18,4.96
Clc1cncc(O[C@H]2C[C@@H]3CC[C@H]2CN3Cc2n[nH]c3cccnc23)c1,8.83,5.47
COc1ccc(-c2cc(CN3C[C@H]4CC[C@@H](C3)[C@@H]4Oc3cncc(Cl)c3)[nH]n2)nc1,4.72,2.09
O=C(c1n[nH]c2cccnc12)N1C[C@@H]2CC[C@H]1C[C@@H]2Oc1cncc(Cl)c1,3.01,16.14
Clc1cncc(Oc2ccnc(Nc3n[nH]c4cccnc34)c2)c1,13.83,1.23
O=C(c1n[nH]c2cccnc12)N1C[C@H]2C[C@@H](C1)[C@H]2Oc1cncc(Cl)c1,7.85,6.11
O=C(c1n[nH]c2cccnc12)N1C[C@@H]2C[C@H]1C[C@@H]2Oc1cncc(Cl)c1,8.43,5.53
Cc1cccc2[nH]nc(CN3C[C@H]4CC[C@@H](C3)[C@@H]4Oc3cncc(Cl)c3)c12,0.14,2.92
COC1CN(Cc2ccc(N3CCN(C(=O)c4cn(C)c5cc(-c6ccnc(C)c6)ccc45)CC3)cc2)C1,3.23,2.8
COc1cc(-c2ccc3c(C(=O)N4CCN(c5ccc(CN6CC(OC)C6)cc5)CC4)cn(C)c3c2)ccn1,4.62,1.84
Cn1ccc2c([nH]c3c(C#CCC4CNC4)c(F)ccc32)c1=O,10.89,1.24
Cn1ccc2c([nH]c3c(C#CC4CNC4)c(F)ccc32)c1=O,5.93,3.55
N#Cc1c(F)ccc2c1[nH]c1c(=O)n(CCCN3CCCCC3)ccc12,11.69,1.33
CC(=O)N[C@@H](C)COc1cccc(-c2cc(C)c3ccncc3c2)c1,10.06,0.93
CN1CCN(c2cccc(Nc3cccc(-c4cccnc4)n3)n2)C1=O,10.78,0.63
Cc1cc(-c2ccc(OCCN3CCCCC3)cc2)cc2cncnc12,10.11,1.51
CNc1c(-c2ccc(OCCN3CCCCC3)cc2)cc2cnccc2c1C,1.5,3.07
CSc1c(Cl)cc2cnccc2c1-c1ccc(OCCN2CCCCC2)cc1,0.64,4.67
Oc1ccc(-c2nc3ccn(CCN4CCCCC4)cc-3n2)cc1,0.97,13.53
COc1ccc(-c2nc3ccn(CCN4CCCCC4)cc-3n2)cc1,12.45,2.08
c1cc2cc(-c3ccc(OCCN4CCCCC4)cc3)[nH]c2cn1,3.09,1.68
Nc1cnccc1C#Cc1ccc(OCCN2CCCCC2)cc1,15.01,1.27
Cc1c(N)c(-c2cc(F)c(OCCN3CCOCC3)cc2F)cc2cnccc12,5.18,1.58
Cn1cc2cc(-c3ccc(OCCN4CCOCC4)cc3)c(N)cc2n1,33.31,1.04
Cn1cc2cc(-c3ccc(OCCN4CCCCC4)cc3)c(N)cc2n1,26.38,1.17
Clc1cncc(O[C@H]2[C@@H]3CN(Cc4n[nH]c5cccnc45)C[C@@H]32)c1,28.27,1.01
Clc1cncc(O[C@@H]2[C@@H]3CN(Cc4n[nH]c5cccnc45)C[C@@H]32)c1,24.95,1.03
Clc1cncc(O[C@H]2C[C@H]3C[C@@H]2CN3Cc2n[nH]c3cccnc23)c1,19.12,2.4
Clc1cncc(O[C@@H]2C[C@@H]3C[C@H]2CN3Cc2n[nH]c3cccnc23)c1,25.46,1.35
O=C(c1n[nH]c2cccnc12)N1CCC2(CCc3ccccc3O2)CC1,20.98,1.11
COc1cc(-c2ccc3c(c2)c2ncn(CCCN4CCCCC4)c(=O)c2n3C)ccn1,3.19,1.37
COCCNC(=O)c1ccc(-c2cc(C)c3ccncc3c2)cc1,18.02,0.85
COCCNC(=O)c1ccc(-c2cc(C)cc3cnccc23)cc1,17.51,0.94
CC(=O)N[C@H](C)CCOc1cccc(-c2cc(C)c3ccncc3c2)c1,9.58,1.07
c1cnc2ccc(-n3ccc(OCC4CNC4)n3)cc2c1,7.89,3.12
COc1cc2cnccc2c(-c2ccc(OCCN3CCCCC3)cc2)c1N,1.23,2.52
CSc1c(-c2ccc(OCCN3CCCCC3)cc2)cc2cnccc2c1Cl,0.17,3.24
CC(C)Oc1cc(-c2ccc(OCCN3CCCCC3)cc2)c2ccncc2c1,0.51,2.68
c1cc(OCCN2CCCCC2)cc(-c2nc3ccncc3[nH]2)c1,1.54,19.13
Nc1cnccc1C#Cc1cccc(OCCN2CCCCC2)c1,12.56,1.19
c1cc2c(-c3ccc(OCCN4CCCCC4)cc3)c[nH]c2cn1,2.95,1.89
Cc1c(N)c(-c2ccc(OCCN3CCC(F)CC3)cc2)cc2cnccc12,0.82,1.82
COC1CCN(CCOc2ccc(-c3cc4cnccc4c(C)c3N)cc2)CC1,1.39,1.86
Cc1c(N)c(-c2cc(F)c(OCCN3CCCCC3)cc2F)cc2cnccc12,1.5,1.55
Cn1ncc2cc(-c3ccc(OCCN4CCOCC4)cc3)c(N)cc21,25.36,0.76
Cn1ncc2cc(-c3ccc(OCCN4CCCCC4)cc3)c(N)cc21,22.34,0.96
Cc1c(N)c(-c2ccc(OCCN3CCCC(C)(C)C3)cc2)cc2cnccc12,0.57,1.17
Cc1c(N)c(-c2ccc(OCCN3CC4(COC4)C3)cc2)cc2cnccc12,1.99,2.54
Clc1cc2c(cn1)cnn2-c1ccc(OCCN2CCCCC2)cc1,20.59,1.04
Cc1cc2c(cn1)cnn2-c1ccc(OCCN2CCCCC2)cc1,14.61,0.93
c1cc2c(cn1)cnn2-c1ccc(OCCN2CCCCC2)cc1,16.84,1.22
COCCNC(=O)c1ccc(-c2cc3cnccc3c(C)c2N)cc1,16.98,1.75
Cc1c(N)c(-c2ccc(C(=O)NCCN(C)C)cc2)cc2cnccc12,2.21,9.74
Cc1c(N)c(-c2ccc(C(=O)N(C)CCN(C)C)cc2)cc2cnccc12,3.3,4.99
COCC(=O)Nc1ccc(-c2cc3cnccc3c(C)c2N)cc1,16.08,1.01
O=C(c1n[nH]c2cnccc12)N1C[C@H]2CC[C@@H](C1)[C@@H]2Oc1cncc(Cl)c1,18.25,1.14
O=C(c1n[nH]c2cc(Cl)cnc12)N1C[C@H]2CC[C@@H](C1)[C@@H]2Oc1cncc(Cl)c1,8.24,1.67
COc1ccc2c(C(=O)N3C[C@H]4CC[C@@H](C3)[C@@H]4Oc3cncc(Cl)c3)n[nH]c2c1,5.25,1.06
Cc1ccc2c(C(=O)N3C[C@H]4CC[C@@H](C3)[C@@H]4Oc3cncc(Cl)c3)n[nH]c2c1,4.29,0.99
COc1ccc(-c2ccc3c(c2)c2ncn(CCCN4CCCCC4)c(=O)c2n3C)cn1,3.33,1.38
COC1CN(Cc2ccc(N3CCN(C(=O)c4cn(C)c5cc(Nc6cc(C(F)(F)F)no6)ccc45)CC3)cc2)C1,1.8,7.64
C[C@H](c1n[nH]c2cccnc12)N1C[C@H]2CC[C@@H](C1)[C@@H]2Oc1cncc(Cl)c1,14.64,0.76
C[C@@H](c1n[nH]c2cccnc12)N1C[C@H]2CC[C@@H](C1)[C@@H]2Oc1cncc(Cl)c1,15.76,0.8
N#Cc1cccc2[nH]nc(CN3C[C@H]4CC[C@@H](C3)[C@@H]4Oc3cncc(Cl)c3)c12,0.45,2.33
Clc1cncc(O[C@@H]2[C@@H]3CC[C@H]2CN(Cc2nc4ccccc4[nH]2)C3)c1,12.65,0.71
Clc1cncc(O[C@@H]2[C@@H]3CC[C@H]2CN(Cc2cc4ccccn4n2)C3)c1,7.51,1.0
Clc1cncc(O[C@@H]2[C@@H]3CC[C@H]2CN(Cc2c[nH]c4cccnc24)C3)c1,15.59,1.2
Cn1c2ccc(OCCN3CCCCC3)cc2c2c(C(N)=O)ncnc21,14.6,1.67
CC(=O)NCCOc1ccc(-c2cc(C)c3ccncc3c2)cc1,15.87,1.52
Cc1cc(-c2ccc(OCCN3CCNCC3)cc2)c2ccncc2c1,3.56,4.15
Nc1c(-c2ccc(OCCN3CCCCC3)cn2)ccc2ccncc12,10.17,1.45
Nc1ccc(-c2ccc(OCCN3CCCCC3)cn2)c2ccncc12,14.54,1.23
Fc1c(-c2ccc(OCCN3CCCCC3)cc2)cc2cnccc2c1Cl,0.28,1.72
Cc1c(N)c(-c2ccc(OC[C@H](C)N3CCCCC3)cc2)cc2cnccc12,1.33,3.52
Cc1c(N)c(-c2ccc(OC[C@@H](C)N3CCCCC3)cc2)cc2cnccc12,0.71,2.34
Cn1c(-c2cccc(OCCN3CCCCC3)c2)nc2cnccc21,17.15,1.86
c1cc2nc(-c3ccc(OCCN4CCCCC4)cc3)[nH]c2cn1,4.65,5.84
Cn1c(-c2ccc(OCCN3CCCCC3)cc2)nc2cnccc21,13.94,1.44
Cc1c(N)c(-c2ccc(OCCN3CC4CC4C3)cc2)cc2cnccc12,0.74,2.3
Cc1c(N)c(-c2ccc(OCCN3CCOCC3(C)C)cc2)cc2cnccc12,1.13,1.69
COCCN(C)C(=O)c1ccc(-c2cc3cnccc3c(C)c2N)cc1,25.18,1.25
CNCCN(C)C(=O)c1ccc(-c2cc3cnccc3c(C)c2N)cc1,1.71,5.63
Cc1c(N)c(-c2ccc(NC(=O)CN(C)C)cc2)cc2cnccc12,2.3,1.69
Cc1c(N)c(-c2ccc(NC(=O)C3CCN(C)CC3)cc2)cc2cnccc12,3.46,2.93
CN1CCN(Cc2ccc(Nc3nccc(-c4cc(F)cc(N5CCOCC5)c4)n3)cc2F)CC1,0.42,2.45
CN1CCN(Cc2ccc(Nc3nccc(-c4cccc(N5CCOCC5)c4)n3)cc2F)CC1,2.96,1.15
C#Cc1cc(-c2ccc(OCCN3CCCCC3)cc2)cc2cnccc12,0.32,2.35
C#Cc1cc(-c2ccc(OCCN3CCCCC3)cc2)c2ccncc2c1,1.35,1.95
COCCNC(=O)c1ccc(-c2ccc3cncn3c2)cc1,27.83,0.99
CN1CCC(O[C@@H]2[C@@H]3CC[C@H]2CN(C(=O)c2n[nH]cc2-c2ccc4ncsc4c2)C3)CC1,0.42,20.85
Clc1cncc(O[C@@H]2[C@@H]3CCC[C@H]2CN(Cc2n[nH]c4cccnc24)C3)c1,6.79,0.52
Clc1cncc(O[C@@H]2[C@@H]3CC[C@H]2CN(Cc2n[nH]c4ccncc24)C3)c1,12.07,0.6
Cc1cc(F)c2c(C(=O)N3C[C@H]4CC[C@@H](C3)[C@@H]4Oc3cncc(Cl)c3)n[nH]c2c1,4.4,0.69
Cc1cc(F)c2c(CN3C[C@H]4CC[C@@H](C3)[C@@H]4Oc3cncc(Cl)c3)n[nH]c2c1,0.24,1.66
COc1cc(C)c2[nH]nc(C(=O)N3C[C@H]4CC[C@@H](C3)[C@@H]4Oc3cncc(Cl)c3)c2c1,4.51,0.6
N#Cc1cccc2[nH]nc(C(=O)N3C[C@H]4CC[C@@H](C3)[C@@H]4Oc3cncc(Cl)c3)c12,7.1,2.34
Clc1cncc(O[C@@H]2[C@@H]3CC[C@H]2CN(Cc2cnn4cccnc24)C3)c1,28.09,0.7
Cc1cc(-c2ccc(OCCN3CCCCC3)cc2N)cc2cnccc12,9.9,1.4
Cc1cc(-c2ccc(OCCNC(C)C)cc2)cc2cnccc12,4.5,1.13
CC(=O)NCCOc1ccc(-c2cc(C)cc3cnccc23)cc1,14.7,0.99
COc1c(-c2ccc(OCCN3CCCCC3)cc2)cc2cnccc2c1C,2.34,2.09
COc1c(C)cc2cnccc2c1-c1ccc(OCCN2CCCCC2)cc1,3.12,2.11
COc1c(-c2ccc(OCCN3CCCCC3)cc2)cc2cnccc2c1Cl,1.3,2.07
CC(C)Oc1cc(-c2ccc(OCCN3CCCCC3)cc2)cc2cnccc12,0.16,3.62
c1cc(OCCN2CCCCC2)cc(-c2cc3ccncc3[nH]2)c1,1.12,2.65
Cn1c(-c2ccc(OCCN3CCCCC3)cc2)nc2ccncc21,17.51,1.15
Cc1c(N)c(-c2ccc(OCCN3CCC[C@H](F)C3)cc2)cc2cnccc12,1.14,1.97
Cc1c(N)c(-c2ccc(OCCN3CCC[C@@H](F)C3)cc2)cc2cnccc12,1.32,1.56
Cc1c(N)c(-c2ccc(OCCN3CCOCC3)cc2)cc2cnn(C)c12,21.17,0.88
Cc1c(N)c(-c2ccc(OCCN3CCOCC3)cc2)cc2cn(C)nc12,37.36,0.74
Cc1c(N)c(-c2ccc(OCCN3CCCCC3)cc2)cc2cnn(C)c12,23.2,0.84
Cc1c(N)c(-c2ccc(OCCN3CCCCC3)cc2)cc2cn(C)nc12,27.8,0.79
Cc1c(N)c(-c2ccc(CCCN3CCCCC3)cc2)cc2cnccc12,1.8,1.66
Cc1c(N)c(-c2ccc(NC(=O)C3CCNCC3)cc2)cc2cnccc12,0.83,0.97
NC(=O)Cc1cccc(Nc2nccc(-c3cncc(F)c3)n2)c1,17.82,1.56
NC(=O)Cc1cccc(Nc2nccc(-c3ccc(F)nc3)n2)c1,18.02,1.24
NC(=O)Cc1cccc(Nc2nccc(-c3cccnc3F)n2)c1,9.54,3.03
Fc1cc(Nc2nccc(-c3ccnnc3)n2)c(F)cc1CN1CCOCC1,12.23,2.1
Fc1c(CN2CCOCC2)ccc(Nc2nccc(-c3ccnnc3)n2)c1F,33.26,0.53
Cc1c(N)c(-c2ccc(OCCN(C)CC(F)(F)F)cc2)cc2cnccc12,0.86,3.98
Cc1c(N)c(-c2ccc(OCCN3CC(F)C3)cc2)cc2cnccc12,0.5,3.12
Cc1c(N)c(-c2ccc(OC3CN(C(C)(C)C)C3)cc2)cc2cnccc12,0.58,4.66
Cc1c(N)c(-c2ccc(OCCN3CCCCCC3)cc2)cc2cnccc12,0.3,6.24
Cc1c(N)c(-c2ccc(OCCN(C)C(C)C)cc2)cc2cnccc12,0.82,3.94
Cc1cc(C#N)cc(-c2ccc(OCCN3CCCCC3)cc2)c1N,7.71,1.86
Cc1nc(-c2ccc3c(c2)c2ncn(CCCN4CCCCC4)c(=O)c2n3C)c[nH]1,0.21,85.33
Cn1c2ccc(-c3ccncn3)cc2c2ncn(CCCN3CCCCC3)c(=O)c21,9.27,1.25
CN1CCC[C@@H](Cn2ccc3c([nH]c4nc(C5CC5)ccc43)c2=O)C1,16.46,1.19
Cc1cc(-c2ccc(OCCN3CCNCC3)cc2)cc2cnccc12,2.07,2.66
Cc1c(F)c(-c2ccc(OCCN3CCCCC3)cc2)cc2cnccc12,1.15,1.84
Cc1c(N(C)C)c(-c2ccc(OCCN3CCCCC3)cc2)cc2cnccc12,0.08,8.32
Cn1c(-c2cccc(OCCN3CCCCC3)c2)nc2ccncc21,14.07,1.51
Cc1c(N)c(-c2ccc(OCCN3CCCCC3(C)C)cc2)cc2cnccc12,1.11,1.98
Cc1c(N)c(-c2c(F)cc(OCCN3CCCCC3)cc2F)cc2cnccc12,1.2,1.9
Fc1cc(Nc2nccc(-c3ccnnc3)n2)c(Cl)cc1CN1CCOCC1,26.76,1.18
Fc1cc(Nc2nccc(-c3ccnnc3)n2)cc(F)c1CN1CCOCC1,23.97,1.17
Cc1c(N)c(-c2ccc(OC[C@H]3CCCCN3C)cc2)cc2cnccc12,0.93,2.55
Cc1c(N)c(-c2ccc(OC[C@@H]3CCCCN3C)cc2)cc2cnccc12,0.93,2.92
CC(=O)N1CCN(CCOc2ccc(-c3cc4cnccc4c(C)c3N)cc2)CC1,5.86,2.91
Cc1c(N)c(-c2ccc(OCCN3CCCOCC3)cc2)cc2cnccc12,0.67,2.68
CCN(CC)CCOc1ccc(-c2cc3cnccc3c(C)c2N)cc1,0.89,2.42
Cc1c(N)c(-c2ccc(OCCN(C)C3CCCCC3)cc2)cc2cnccc12,0.14,4.81
Cc1c(N)c(-c2ccc(OC[C@H](C)N3CCCC3)cc2)cc2cnccc12,0.85,4.25
Cc1c(N)c(-c2ccc(OC[C@@H](C)N3CCCC3)cc2)cc2cnccc12,1.1,2.75
Cc1c(N)c(-c2ccc(OC[C@@H](C)N3CCOCC3)cc2)cc2cnccc12,1.85,1.77
Cc1c(N)c(-c2ccc(OC[C@H](C)N3CCOCC3)cc2)cc2cnccc12,2.36,1.53
CCN(C)CCOc1ccc(-c2cc3cnccc3c(C)c2N)cc1,2.71,1.56
Cc1c(N)c(-c2ccc(OCCN3CCCCC3)cn2)cc2cnccc12,1.98,1.51
Cc1cccc(-c2ccc(OCCN3CCCCC3)cc2)c1N,21.05,1.0
Cc1cc(C#N)cc(-c2ccc(OCCN3CCCCC3)cc2)c1,5.2,1.14
c1cc(-c2ccc3cncn3c2)ccc1OCCN1CC2(COC2)C1,19.38,0.81
O=C(c1n[nH]c(=O)c2ccccc12)N1C[C@H]2CC[C@@H](C1)[C@@H]2Oc1cncc(Cl)c1,13.35,1.71
O=C(N[C@H]1CC[C@H](Oc2cncc(Cl)c2)CC1)c1n[nH]c2cccnc12,11.3,1.59
CCOc1cc2[nH]c3nn(CCCN4CCCCC4)c(=O)cc3c2cn1,4.49,7.64
CC(=O)NCCOc1cnn(-c2ccc3ccncc3c2)c1,21.96,1.25
Cc1c(-c2ccc(OCCN3CCCCC3)cc2)cc2cnccc2c1N,7.31,1.27
Cc1c(N)c(-c2ccc(NC(=O)CCN(C)C)cc2)cc2cnccc12,2.86,5.58
NC(=O)Cc1ccc(F)c(Nc2nccc(-c3cccnc3)n2)c1,24.0,1.71
CC#Cc1cc(-c2ccc(OCCN3CCCCC3)cc2)cc2cnccc12,0.08,4.16
Cc1c(N)c(-c2ccc(OC[C@H]3CCCN3C)cc2)cc2cnccc12,1.76,2.14
Cc1c(N)c(-c2ccc(O[C@H](C)CN3CCOCC3)cc2)cc2cnccc12,3.37,1.17
C(#CC1CC1)c1cc(-c2ccc(OCCN3CCCCC3)cc2)cc2cnccc12,0.02,4.2
N#Cc1cc(C#N)cc(-c2ccc(OCCN3CCCCC3)cc2)c1,17.83,1.16
Cc1c(N)c(-c2ccc(O[C@H]3CCN(C(C)C)C3)cc2)cc2cnccc12,1.23,3.32
Cc1c(N)c(-c2ccc(O[C@@H]3CCN(C(C)C)C3)cc2)cc2cnccc12,1.31,1.96
Cc1c(N)c(-c2ccc(OCCN3CCC[C@@H](C)C3)cc2)cc2cnccc12,1.38,1.12
Cc1c(N)c(-c2ccc(OCCN3CCC[C@H](C)C3)cc2)cc2cnccc12,0.69,1.63
CCN1CC[C@H](Oc2ccc(-c3cc4cnccc4c(C)c3N)cc2)C1,1.23,2.86
CCN1CC[C@@H](Oc2ccc(-c3cc4cnccc4c(C)c3N)cc2)C1,0.49,1.95
Cc1c(N)c(-c2ccc(OC[C@@H]3COCCN3C)cc2)cc2cnccc12,2.86,1.82
Cc1c(N)c(-c2ccc(OC[C@H]3COCCN3C)cc2)cc2cnccc12,2.41,1.47
Cc1c(N)c(-c2ccc(CCN3CCC3)cc2)cc2cnccc12,3.74,1.62
Fc1cc(-c2ccc(OCCN3CCCCC3)cc2)cc2cnccc12,2.27,1.66
Fc1cc(-c2ccc(OCCN3CCCCC3)cc2)c2ccncc2c1,10.63,0.76
Fc1cc(-c2ccc(OCCN3CCOCC3)cc2)cn2cncc12,15.78,0.71
CC(=O)N1CC(COc2cnn(-c3ccc4ccncc4c3)c2)C1,29.43,1.0
Cc1c(N)c(-c2ccc(OCCN3CCCCC3)cc2)cc2cncnc12,19.32,0.9
Nc1c(-c2ccc(OCCN3CCCCC3)cc2)cc2cncnc2c1Br,25.25,0.74
COCC(=O)N(C)c1ccc(-c2cc3cnccc3c(C)c2N)cc1,23.73,1.35
NC(=O)Cc1cc(Nc2nccc(-c3cccnc3)n2)ccc1F,9.13,3.53
NC(=O)Cc1cc(F)cc(Nc2nccc(-c3cccnc3)n2)c1,8.69,4.37
Cc1c(N)c(-c2ccc(OCCN3CCN(S(C)(=O)=O)CC3)cc2)cc2cnccc12,5.36,2.26
CCN1CCC[C@H]1COc1ccc(-c2cc3cnccc3c(C)c2N)cc1,1.35,2.51
CCN1CCC[C@@H]1COc1ccc(-c2cc3cnccc3c(C)c2N)cc1,1.31,2.26
Cc1c(N)c(-c2ccc(OCCN3CCCC[C@H]3C)cc2)cc2cnccc12,0.56,3.12
Cc1c(N)c(-c2ccc(OCCN3CCCC[C@@H]3C)cc2)cc2cnccc12,0.61,3.48
Fc1cc(-c2ccnc(Nc3ccc(NC4CCOCC4)cn3)n2)cc(N2CCOCC2)c1,5.1,1.84
Fc1cc(-c2ccnc(Nc3ccc(NC4CCOCC4)nc3)n2)cc(N2CCOCC2)c1,5.33,1.86
Fc1cc(-c2ccnc(Nc3ccc(NC4CCOCC4)cc3F)n2)cc(N2CCOCC2)c1,2.56,1.67
Fc1cc(-c2ccnc(Nc3ccc(NC4CCOCC4)c(F)c3)n2)cc(N2CCOCC2)c1,1.15,1.1
Brc1cc(-c2ccc(OCCN3CCCCC3)cc2)cc2cncnc12,8.85,0.96
N#Cc1cc(-c2ccc(OCCN3CCOCC3)cc2)cc2cnccc12,11.49,0.86
N#Cc1cc(-c2ccc(OCCN3CCOCC3)cc2)c2ccncc2c1,19.99,0.82
Cc1cc(-n2ccc(OCC3CNC3)n2)cc2cccnc12,12.71,2.09
Clc1cc(-n2ccc(OCC3CNC3)n2)cc2cccnc12,7.15,3.12
N#Cc1cc(-n2ccc(OCC3CNC3)n2)cc2cccnc12,1.14,21.82
c1ncc2cc(-n3ccc(OCC4CNC4)n3)ccc2n1,6.43,2.81
Cc1nnc(Nc2cc3c4ncn(CCCN5CCCCC5)c(=O)c4n(C)c3cc2F)o1,3.83,7.98
Cn1c2cc(F)c(Nc3nc(C#N)cs3)cc2c2ncn(CCCN3CCCCC3)c(=O)c21,4.81,3.85
O=C1Nc2ccc3ncsc3c2/C1=C/c1cnc[nH]1,16.9,1.25
O=c1c2[nH]c3cc(OCC4CC4)ncc3c2ccn1CCCN1CCCCC1,11.45,1.85
Cn1c(-c2ccc(OCCN3CCCCC3)cc2)cc2ccncc21,2.01,2.0
CNc1cnccc1C#Cc1ccc(OCCN2CCCCC2)cc1,9.05,1.24
NC(=O)Cc1cccc(Nc2ncc(F)c(-c3cccnc3)n2)c1,9.24,4.25
Fc1c(CN2CCOCC2)ccc(Nc2nccc(-c3ccnnc3)n2)c1Cl,29.29,0.77
CO[C@H]1CCN(CCOc2ccc(-c3cc4cnccc4c(C)c3N)cc2)C1,1.72,2.58
Cc1c(N)c(-c2ccc(OC[C@H]3CCN3C)cc2)cc2cnccc12,2.44,2.03
Cc1c(N)c(-c2ccc(OC[C@@H]3CCN3C)cc2)cc2cnccc12,1.81,2.35
Cc1c(N)c(-c2ccc(OCCN3CC[C@H](C)C3)cc2)cc2cnccc12,1.67,2.48
Cc1c(N)c(-c2ccc(OCCN3CC[C@@H](C)C3)cc2)cc2cnccc12,0.85,3.49
Cc1c(N)c(-c2ccc(OCCN3CCCCC3)cc2)cc2ccccc12,0.92,1.96
Fc1cc(-c2ccnc(Nc3ccc(OC4CCOCC4)cc3)n2)cc(N2CCOCC2)c1,0.38,1.97
CN1CC(COc2ccn(-c3ccc4ncccc4c3)n2)C1,20.86,1.29
Fc1c(-n2ccc(OCC3CNC3)n2)ccc2ncccc12,23.05,1.42
Fc1cc2ncccc2cc1-n1ccc(OCC2CNC2)n1,15.37,1.99
Nc1cc2ncccc2cc1-n1ccc(OCC2CNC2)n1,1.03,14.14
CN1CC(COc2ccn(-c3cc4cccnc4cc3N)n2)C1,8.5,3.28
CC(C)(CCOc1ccc(-c2ccc3ccncc3c2)cc1)C(N)=O,6.26,1.19
Cc1c(N)c(-c2ccc(OCCN3CC[C@H](F)C3)cc2)cc2cnccc12,1.67,2.3
COCCNC(=O)c1c(Cl)cc(-c2ccc3ccncc3c2)c(N)c1C,19.02,1.34
Cc1c(OCCN2CCCCC2)ccc(-c2ccc3ncncc3c2)c1N,23.31,1.15
Cc1c(N)c(-c2ccc(OCCN3CCCC(F)(F)C3)cc2)cc2cnccc12,2.6,1.62
Cc1c(N)c(-c2ccc(OC[C@@H](C)N(C)C)cc2)cc2cnccc12,2.38,2.27
Cc1c(N)c(-c2ccc(OC[C@H](C)N(C)C)cc2)cc2cnccc12,1.07,2.17
Cc1c(N)c(-c2ccc(OCCN3C[C@@H]4CC[C@H]3C4)cc2)cc2cnccc12,1.55,4.56
Cc1c(N)c(-c2ccc(OCCN3C[C@H]4CC[C@@H]3C4)cc2)cc2cnccc12,4.09,2.12
CNc1ccc(-c2cc3cnccc3c(C)c2N)cc1,14.03,0.89
CN1CC(COc2ccn(-c3ccc4ncncc4c3)n2)C1,23.84,1.19
CCc1c(N)c(-c2cc(F)c(OCCN3CCOCC3)cc2F)cc2cnccc12,5.82,1.15
COc1cc2nc(C)[nH]c(=O)c2cc1-c1ccc(OCCN2CCCCC2)cc1,6.53,7.11
COc1cc(-c2ccc(OCCN3CCCCC3)cc2)cn2nccc12,7.14,1.93
COc1cc(-c2ccc(OCCN3CCCCC3)cc2)cn2ncnc12,18.03,1.88
Cc1nc2cc(-c3ccc(OCCN4CCCCC4)cc3)cnc2o1,19.42,1.44
Cc1nnc2ccc(-c3ccc(OCCN4CCCCC4)cc3)cn12,12.39,2.89
Cc1cn2cc(-c3ccc(OCCN4CCCCC4)cc3)ccc2n1,2.52,0.8
Cc1nc2ccc(-c3ccc(OCCN4CCCCC4)cc3)cn2n1,27.24,0.69
Cc1cc(-c2ccc(OCCN3CCCCC3)cc2)cn2ncnc12,24.16,0.64
Cc1ncc2cc(-c3ccc(OCCN4CCCCC4)cc3)ccn12,5.65,0.65
c1cc(-c2ccn3nncc3c2)ccc1OCCN1CCCCC1,21.35,1.48
c1cc2cc(-c3ccc(OCCN4CCCCC4)cc3)ccn2n1,12.16,0.95
c1cc2ccc(-c3ccc(OCCN4CCCCC4)cc3)cn2n1,13.39,0.94
c1cc(-c2ccc3cncn3c2)ccc1OCCN1CCCCC1,5.01,1.32
c1ccn2cc(-c3ccc(OCCN4CCCCC4)cc3)nc2c1,10.37,1.2
c1cc(-c2ccn3cnnc3c2)ccc1OCCN1CCCCC1,22.58,1.27
c1cc(-c2ccc3[nH]ncc3n2)ccc1OCCN1CCCCC1,20.91,1.19
Cn1ccc2c3ccc(OCCN4CCCCC4)cc3n(C)c2c1=O,14.45,1.06
Nc1c(-c2ccc(OCCN3CCCCC3)cc2)cc2cnccc2c1Cl,2.2,1.58
Cc1c(OCCN2CCCCC2)ccc(-c2cc(C)c3ccncc3c2)c1N,11.59,1.08
Cc1c(OCCN2CCOCC2)ccc(-c2ccc3ccncc3c2)c1N,24.54,0.8
Cc1c(N)c(-c2ccc(OCC3(N(C)C)COC3)cc2)cc2cnccc12,12.91,1.43
Cc1c(OCCN2CCCCC2)ccc(-c2cc(C)c3ccncc3n2)c1N,10.12,1.54
N#Cc1cnn2cc(-c3ccc(OCCN4CCCCC4)cc3)cnc12,26.56,1.16
N#Cc1c[nH]c2ncc(-c3ccc(OCCN4CCCCC4)cc3)cc12,14.81,1.25
Cc1nnc(-c2ccc3c(c2)cc(C(=O)Nc2ccc(S(=O)(=O)N4CCOCC4)cc2)n3C)s1,0.77,2.93
Cc1nnc(-c2ccc3c(c2)cc(C(=O)Nc2ccc4ncccc4c2)n3C)s1,0.7,0.92
Cc1nnc(-c2ccc3c(c2)cc(C(=O)NC2CCN(Cc4cncc(Cl)c4)CC2)n3C)s1,6.77,1.83
CN(C)c1nccc2c1c1cc(OCCN3CCCCC3)ccc1n2C,1.35,3.09
O=c1c2[nH]c3cc(F)c(C#Cc4nccs4)cc3c2ccn1CCCN1CCCCC1,1.1,2.6
CN1CCN(CCOc2ccc3c(c2)[nH]c2c(=O)n(C)ccc23)CC1,12.04,1.65
Cn1ccc2c([nH]c3cc(OCCCN4CCCCC4)ccc32)c1=O,14.07,1.17
CSc1c(-c2ccc(OCCN3CCCCC3)cc2)cc2cnccc2c1C,0.73,3.31
Nc1c(-c2ccc(OCCN3CCCCC3)cc2)cc2cnccc2c1F,4.56,2.01
Cc1c(N)c(-c2ccc(OCCN3CCCC3)cc2)cc2cnccc12,2.45,2.72
Cc1c(-c2ccc(OCCN3CCCCC3)cc2)cc2cnccc2c1C#N,6.54,1.75
Cc1nnc(-c2ccc3c(c2)cc(C(=O)NC2CCN(c4ccncc4)CC2)n3C)s1,3.54,8.83
Cc1nnc(-c2ccc3c(c2)cc(C(=O)NC2CCN(c4ccncc4Cl)CC2)n3C)s1,4.56,0.89
Cn1c(C(=O)NC2CCN(c3ccncc3Cl)CC2)cc2cc(-c3nnc(C4CC4)s3)ccc21,0.09,0.45
Cn1ccc2c([nH]c3cc(OCCN4CCCCC4)ncc32)c1=O,8.97,3.22
COc1nccc2c1[nH]c1cc(OCCN3CCCCC3)ncc12,13.47,1.46
Cn1ccc2c([nH]c3cc(OCCN4CCCCC4)c(F)cc32)c1=O,12.96,1.53
Cn1ccc2c([nH]c3cc(OCCN4CCNCC4)ccc32)c1=O,1.25,6.7
Cn1ccc2c([nH]c3cc(OCCN4CCOCC4)ccc32)c1=O,16.19,1.53
Cn1ccc2c([nH]c3c(CCCN4CCCCC4)cccc32)c1=O,19.67,1.24
Cn1ccc2c3cccc(CCN4CCCCC4)c3n(C)c2c1=O,19.93,0.98
Cn1cnc2c([nH]c3cc(OCCN4CCCCC4)ccc32)c1=O,13.34,1.37
Clc1nc(NCc2ccncc2)c2cc[nH]c2n1,14.36,3.19
Cc1c(N)c(-c2ccc(OC[C@H](C)N3CCC3)cc2)cc2cnccc12,3.02,2.08
Cc1c(N)c(-c2ccc(OC[C@@H](C)N3CCC3)cc2)cc2cnccc12,2.37,2.47
Cc1c(N)c(-c2ccc(OCCN3CCCCC3)cc2)nc2cnccc12,12.37,2.09
CC(=O)Nc1cc2ccncc2cc1-c1ccc(OCCN2CCCCC2)cc1,21.01,1.43
Cc1c(N)c(-c2ccc(OCCN3CCCCC3)c(F)c2)cc2cnccc12,1.56,2.55
Cn1ncc2c([nH]c3cc(OCCN4CCCCC4)ccc32)c1=O,14.73,1.03
Cn1ccc2c([nH]c3cc(NCCN4CCCCC4)ccc32)c1=O,18.51,1.03
CN(CCN1CCCCC1)c1ccc2c(c1)[nH]c1c(=O)n(C)ccc12,12.45,1.11
Cn1cc(F)c2c([nH]c3cc(OCCN4CCCCC4)ccc32)c1=O,16.87,0.76
Cn1c2ccc(OCCN3CCCCC3)cc2c2c(C(N)=O)nccc21,11.77,1.32
Cn1ccc2c([nH]c3cc(OCCN4CC5CC5C4)ccc32)c1=O,13.15,1.11
COC1CCN(CCOc2ccc3c(c2)[nH]c2c(=O)n(C)ccc23)CC1,14.32,1.08
Cn1ccc2c([nH]c3cc(OCC[C@H]4CCCCN4)ccc32)c1=O,4.66,4.45
Cn1ccc2c([nH]c3cc(OCC[C@@H]4CCCCN4)ccc32)c1=O,5.45,4.5
CCn1ccc2c([nH]c3cc(OCCN4CCCCC4)ccc32)c1=O,14.88,1.0
O=c1c2[nH]c3cc(Cl)ncc3c2ccn1CCCn1ccnc1,1.91,15.25
Cc1c(OCCN2CCCCC2)ccc(-c2cc(C#N)c3ccncc3c2)c1N,13.99,0.96
CSc1c(-c2ccc(OCCN3CCCCC3)cc2)cc2cnccc2c1C#N,3.87,0.78
N#Cc1cccc(-c2ccc(OCCN3CCCCC3)cc2)c1,14.18,0.98
Cn1cnc(-c2ccc3c(c2)cc(C(=O)NC2CCN(c4ccncc4Cl)CC2)n3C)c1,4.12,1.86
Cn1c(C(=O)NC2CCN(c3ccncc3Cl)CC2)cc2cc(-c3ccccn3)ccc21,0.11,0.8
Cn1c(C(=O)NC2CCN(c3ccncc3Cl)CC2)cc2cc(-c3cccnc3)ccc21,1.66,1.64
Cn1c(C(=O)NC2CCN(c3ccncc3Cl)CC2)cc2cc(-c3cncnc3)ccc21,5.78,0.91
Cn1c(C(=O)NC2CCN(c3ccncc3Cl)CC2)cc2cc(-c3ncccn3)ccc21,1.73,0.94
Cc1nnc(-c2ccc3c(C(=O)NC4CCN(c5ccncc5Cl)CC4)nn(C)c3c2)s1,2.32,1.04
Cc1nnc(-c2ccc3c(C(=O)NC4CCN(c5ccncc5)CC4)nn(C)c3c2)s1,9.88,3.67
Cc1nnc(-c2ccc3c(c2)cc(C(=O)N2CCC(N(C)c4cncc(Cl)c4)CC2)n3C)s1,2.85,1.43
O=c1[nH]ccc2c1[nH]c1cc(OCCN3CCCCC3)ncc12,1.1,10.99
Cn1ccc2c([nH]c3nc(OCCN4CCCCC4)ccc32)c1=O,17.46,0.71
COc1nccc2c3ccc(OCCN4CCCCC4)cc3n(C)c12,8.12,0.88
Cn1ccc2c([nH]c3cc(CCCN4CCCCC4)ccc32)c1=O,14.86,0.87
Cn1ccc2c([nH]c3cc(NC(=O)CN4CCCCC4)ccc32)c1=O,15.82,0.98
CN(C(=O)CN1CCCCC1)c1ccc2c(c1)[nH]c1c(=O)n(C)ccc12,6.49,2.13
Cc1cn(C)c(=O)c2[nH]c3cc(OCCN4CCCCC4)ccc3c12,11.17,1.1
Cn1ccc2c([nH]c3cc(OCCC4CCNCC4)ccc32)c1=O,1.75,6.44
Cn1ccc2c([nH]c3cc(OCCCCN4CCCCC4)ccc32)c1=O,11.96,1.23
Cn1ccc2c([nH]c3cc(OCC[C@H]4CCCNC4)ccc32)c1=O,2.85,5.59
Cn1ccc2c([nH]c3cc(OCC[C@@H]4CCCNC4)ccc32)c1=O,2.95,5.46
CN1CCCC[C@@H]1CCOc1ccc2c(c1)[nH]c1c(=O)n(C)ccc12,14.55,1.23
CN1CCCC[C@H]1CCOc1ccc2c(c1)[nH]c1c(=O)n(C)ccc12,13.4,1.27
O=c1c2[nH]c3cc(OCCN4CCCCC4)ccc3c2ccn1CC1CC1,10.3,1.08
Cn1ccc2c([nH]c3c(CCN4CCCC(F)(F)C4)cccc32)c1=O,19.68,1.28
Cn1ccc2c([nH]c3c(CCN4CCC(F)(F)CC4)cccc32)c1=O,16.54,1.34
Cn1ccc2c([nH]c3cc(OCCc4cnccn4)ccc32)c1=O,20.14,1.27
Cn1ccc2c([nH]c3cc(OCCO)ccc32)c1=O,23.43,1.17
Cn1ccc2c([nH]c3nc(OCCN4CCCCC4)ncc32)c1=O,5.81,2.45
CN(Cc1nc2ccc(CO)cc2n1C)C(=O)c1cn(C)c2ccccc12,10.87,2.36
CN(Cc1nc2cc(CO)ccc2n1C)C(=O)c1cn(C)c2ncccc12,6.11,3.28
Cn1c(=O)c2[nH]c3cc(OCCN4CCCCC4)ccc3c2n(C)c1=O,13.14,1.57
CC(=O)N1CCN(CCOc2ccc3c(c2)[nH]c2c(=O)n(C)ccc23)CC1,10.05,2.65
CCN(CC)CCOc1ccc2c(c1)[nH]c1c(=O)n(C)ccc12,27.56,0.77
CC1CCN(CCc2cccc3c2[nH]c2c(=O)n(C)ccc23)CC1,30.82,0.73
Cn1ccc2c([nH]c3cc(OCCn4ccnc4)ccc32)c1=O,9.77,4.61
C[C@@H]1CCCN(CCc2cccc3c2[nH]c2c(=O)n(C)ccc23)C1,25.72,0.85
C[C@H]1CCCN(CCc2cccc3c2[nH]c2c(=O)n(C)ccc23)C1,22.01,0.89
Cc1c(N)c(-c2ccc(OCCN3CCCCC3)cc2F)cc2cnccc12,6.34,1.99
Cc1c(N)c(-c2ccc(OCCN3CCOCC3)cc2F)cc2cnccc12,7.7,1.15
Cc1cc(-c2cc3cnccc3c(C)c2N)ccc1OCCN1CCCCC1,0.45,1.9
Cc1ncnc(-c2ccc(OCCN3CCCCC3)cc2)c1N,26.29,1.0
CCNCCOc1ccc(-c2cc3cnccc3c(C)c2N)cc1,3.84,1.56
Cn1cc(-c2ccc3c(c2)cc(C(=O)NC2CCN(c4ccncc4Cl)CC2)n3C)cn1,1.42,2.01
Cn1c(C(=O)NC2CCN(c3ccncc3Cl)CC2)cc2cc(-n3ccnc3)ccc21,2.01,2.7
Cn1ncc(-c2ccc3c(c2)cc(C(=O)NC2CCN(c4ccncc4Cl)CC2)n3C)n1,1.19,1.4
Cc1nnc(-c2ccc3c(c2)cc(C(=O)NC2CCN(c4ccncc4Cl)CC2)n3C)o1,0.74,1.31
Cc1cnn(-c2ccc3c(c2)cc(C(=O)NC2CCN(c4ccncc4Cl)CC2)n3C)c1,0.43,0.8
Cc1nnc(-c2ccc3c(c2)cc(C(=O)N2CCC(Nc4ccncc4)CC2)n3C)s1,1.15,11.74
Cc1nnc(-c2ccc3nc(C(=O)NC4CCN(c5ccncc5Cl)CC4)[nH]c3c2)s1,3.56,1.25
Cc1nnc(-c2ccn3nc(C(=O)NC4CCN(c5ccncc5)CC4)cc3c2)s1,8.53,3.97
Cc1nnc(-c2ccn3nc(C(=O)NC4CCN(c5ccncc5Cl)CC4)cc3c2)s1,6.78,0.89
Cc1nnc(-c2ccn3nc(C(=O)N4CCC(Oc5cncc(Cl)c5)CC4)cc3c2)s1,18.33,1.0
Cc1nnc(-c2ccn3ncc(C(=O)NC4CCN(c5ccncc5)CC4)c3c2)s1,0.17,63.97
Cc1nnc(-c2ccn3ncc(C(=O)NC4CCN(c5ccncc5Cl)CC4)c3c2)s1,8.51,3.04
Cc1nnc(-c2ccc3c(cc(C(=O)NC4CCN(c5ccncc5Cl)CC4)n3C)n2)s1,7.49,1.32
Cn1ccc2c([nH]c3cc(NC(=O)CCN4CCCCC4)ccc32)c1=O,5.51,5.73
CN(Cc1nc2ccc(CO)cc2n1C)C(=O)c1cn(C)c2ncccc12,5.56,4.48
CN(Cc1nc2ccc(CO)cc2[nH]1)C(=O)c1c[nH]c2ncccc12,1.48,15.86
Cn1ccc2[nH]c3cc(OCCN4CCCCC4)ccc3c2c1=O,6.7,4.8
Cn1ccc2c([nH]c3cc(OCCN4CCCCC4)cnc32)c1=O,11.2,2.49
CO[C@H]1CCCN(CCOc2ccc3c(c2)[nH]c2c(=O)n(C)ccc23)C1,17.97,1.19
CO[C@@H]1CCCN(CCOc2ccc3c(c2)[nH]c2c(=O)n(C)ccc23)C1,19.99,0.81
CC1CCN(CCOc2ccc3c(c2)[nH]c2c(=O)n(C)ccc23)CC1,21.89,0.79
CC(C)n1ccc2c([nH]c3cc(OCCN4CCCCC4)ccc32)c1=O,20.13,0.84
CC(C)Cn1ccc2c([nH]c3cc(OCCN4CCCCC4)ccc32)c1=O,13.6,1.17
Cn1ccc2c([nH]c3cc(OCCN4CC5(COC5)C4)ccc32)c1=O,15.09,1.23
Cn1ccc2c([nH]c3cc(OCCN4CCC(C)(C)CC4)ccc32)c1=O,19.34,0.73
Cc1c(N)c(-c2ccc(OCCN3CC4CCC(C3)O4)cc2)cc2cnccc12,2.51,0.93
Nc1c(-c2ccc(OCCN3CCCCC3)cc2)ccc2cccnc12,7.12,1.16
Cc1c(N)c(-c2ccc(OCC3CN(C)C3)cc2)cc2cnccc12,6.92,1.7
Cn1c(C(=O)NC2CCN(c3ccncc3)CC2)cc2cc(-c3cn[nH]c3)ccc21,1.54,22.36
Cn1c(C(=O)NC2CCN(c3ccncc3)CC2)cc2cc(-c3ccccn3)ccc21,5.63,2.77
Cn1c(C(=O)NC2CCN(c3ccncc3)CC2)cc2cc(-c3cccnc3)ccc21,4.72,4.73
Cn1c(C(=O)NC2CCN(c3ccncc3)CC2)cc2cc(-c3cncnc3)ccc21,6.84,5.24
Cc1nnc(-c2cnc3cc(C(=O)NC4CCN(c5ccncc5)CC4)nn3c2)s1,1.66,15.65
COCCn1ccc2c([nH]c3c(C#CC4CNC4)c(F)ccc32)c1=O,6.57,3.65
c1cnc2c(c1)[nH]c1cccc(OCCN3CCCCC3)c12,15.79,1.4
COc1cc2[nH]c3cc(OCCN4CCCCC4)ccc3c2cn1,13.99,1.02
Cn1ccc2c([nH]c3c(C#CC4CCNCC4)c(F)ccc32)c1=O,3.35,6.77
c1cnn(-c2ccc3c(c2)OCc2nc(N[C@@H]4C[C@H]5CC[C@@H](C4)N5)ccc2-3)c1,0.92,10.19
COC1CN(Cc2ccc3c(c2)OC[C@H](C(=O)N(C)Cc2cn(C)c4ccccc24)O3)C1,20.14,0.96
COC1CN(Cc2ccc3c(c2)O[C@H](C(=O)N(C)Cc2cn(C)c4ccccc24)CO3)C1,23.16,0.96
C[C@H]1CCCN(CCOc2ccc3c(c2)[nH]c2c(=O)n(C)ccc23)C1,19.07,0.91
C[C@@H]1CCCN(CCOc2ccc3c(c2)[nH]c2c(=O)n(C)ccc23)C1,18.13,1.08
C[C@H]1CCCCN1CCc1cccc2c1[nH]c1c(=O)n(C)ccc12,20.4,0.82
C[C@@H]1CCCCN1CCc1cccc2c1[nH]c1c(=O)n(C)ccc12,22.3,0.99
Cc1c(N)c(-c2ccc(OCCN3C4CCC3COC4)cc2)cc2cnccc12,2.35,1.11
Cc1c(N)c(-c2ccc(OCCN3C4COCC3C4)cc2)cc2cnccc12,3.57,2.14
C[C@H](COc1ccc(-c2cc3cnccc3c(Cl)c2N)cc1)N1CCOCC1,5.77,0.81
C#Cc1cc(-c2ccc(C(=O)NCCOC)cc2)cc2cnccc12,11.47,1.24
Cc1c(N)c(-c2ccc(OCCN3CC4(CCO4)C3)cc2)cc2cnccc12,7.48,1.06
Cn1c(C(=O)NC2CCN(c3ccncc3)CC2)cc2cc(-n3ccnc3)ccc21,1.13,32.17
Cn1cnc(-c2ccc3c(c2)cc(C(=O)NC2CCN(c4ccncc4)CC2)n3C)c1,0.83,34.91
Cc1csc(-c2ccc3c(c2)cc(C(=O)NC2CCN(c4ccncc4)CC2)n3C)n1,2.29,2.78
Cc1nc(-c2ccc3c(c2)cc(C(=O)NC2CCN(c4ccncc4)CC2)n3C)cs1,4.93,3.05
Cc1nnc(-c2cnc3c(c2)cc(C(=O)NC2CCN(c4ccncc4)CC2)n3C)s1,1.57,22.83
NC(=O)c1nccc2c1[nH]c1cc(OCCN3CCCCC3)ccc12,14.76,1.02
Cn1ccc2c([nH]c3cc(OCCN4CCCCC4)cc(F)c32)c1=O,11.95,1.06
CS(=O)(=O)c1c(-c2ccc(OCCN3CCCCC3)cc2)cc2cnccc2c1Cl,0.92,2.65
Cc1c(N)c(-c2ccc(OCCN3CC4CC(C3)O4)cc2)cc2cnccc12,8.4,1.23
Cc1c(N)c(-c2ccc(OCCN3CCCC3=O)cc2)cc2cnccc12,16.79,1.65
COc1cnccc1N1CCC(NC(=O)c2cc3cc(-c4nnc(C)s4)ccc3n2C)CC1,7.89,1.08
Cc1nnc(-c2ccc3c(c2)cc(C(=O)NC2CCN(c4ccncc4C)CC2)n3C)s1,3.27,1.15
Cc1nnc(-c2ccc3cc(C(=O)NC4CCN(c5ccncc5)CC4)cn3c2)s1,1.78,19.31
CNC(=O)/C=C/c1ccc(-c2cnc(N(C)[C@@H]3C[C@H]4CC[C@@H](C3)N4)nn2)c(O)c1,1.17,12.47
CN1CCN(CCOc2ccc3c(c2)[nH]c2c(=O)n(C)ccc23)CC1=O,7.69,4.53
COC(=O)N1CCN(CCOc2ccc3c(c2)[nH]c2c(=O)n(C)ccc23)CC1,19.18,1.08
COCCNCCOc1ccc2c(c1)[nH]c1c(=O)n(C)ccc12,13.96,1.5
Cn1ccc2c([nH]c3cc(OCCN4CCCCC4(C)C)ccc32)c1=O,23.01,0.74
CN(C)C1CCN(CCOc2ccc3c(c2)[nH]c2c(=O)n(C)ccc23)CC1,3.92,3.12
Cn1ccc2c([nH]c3nc(OCCN4CCCCC4)cnc32)c1=O,18.36,0.98
CNC1(C#Cc2c(F)ccc3c2[nH]c2c(=O)n(C)ccc23)CCC1,9.21,1.33
Cn1ccc2c([nH]c3cc(OCCN4CCOCC4)c(F)cc32)c1=O,22.78,1.21
Cn1ccc2c([nH]c3cc(NCCCCN4CCCCC4)ccc32)c1=O,11.72,2.23
Cc1cccc(-c2ccc(OCCN3CCCCC3)c(F)c2)c1N,24.14,0.68
Cc1c(N)c(-c2ccc(OCCN3CCCC3)c(F)c2)cc2cnccc12,2.28,2.04
O=c1c2[nH]c3c(CCN4CCCCC4)cccc3c2ccn1CC(F)(F)F,19.67,0.99
Cn1ccc2c([nH]c3cc(OCCN4CCC4)ccc32)c1=O,20.46,0.95
Cn1ccc2c([nH]c3cc(OCCN4CC5CCC(C4)N5)ccc32)c1=O,3.66,5.96
Cn1ccc2c([nH]c3cc(OCCN4C5CCC4CNC5)ccc32)c1=O,2.7,6.18
Cn1ccc2c([nH]c3cc(OCCN4CCNC5(CC5)C4)ccc32)c1=O,11.88,2.04
Cn1ccc2c([nH]c3c(F)c(OCCN4CCCCC4)ccc32)c1=O,21.83,0.86
Cn1ccc2c([nH]c3c(CCC4(C)CCNCC4)c(F)ccc32)c1=O,1.7,10.9
CC(=O)N1CCN(CCOc2cc3[nH]c4c(=O)n(C)ccc4c3cc2F)CC1,7.01,5.72
Cn1ccc2c([nH]c3cc(OCCN4CCOCC4)cnc32)c1=O,10.29,3.28
N#Cc1nn(-c2ccc(OCCN3CCCCC3)cc2)c2cccnc12,30.95,0.76
Cc1c(OCCN2CCOCC2)ccc(-c2ccc3ccncc3n2)c1N,18.59,0.99
Cc1c(N)c(-c2ccc(OC[C@@H](C)N(C)C)c(F)c2)cc2cnccc12,5.84,2.23
CCN(C)CCOc1ccc(-c2cnc3c(C#N)cnn3c2)cc1,31.9,1.01
CNC(=O)c1ccc2nc(C)cc(Sc3cccc(OC)c3)c2c1,10.46,0.76
Cc1cc(N2CCC(NC(=O)c3cc4cc(-c5nnc(C)s5)ccn4n3)CC2)ccn1,4.64,8.02
Cc1nnc(-c2ccc3nc(C(=O)NC4CCN(c5ccncc5)CC4)cn3c2)s1,1.67,17.85
C[C@H](COc1ccc2c(c1)[nH]c1c(=O)n(C)ccc12)N1CCCCC1,17.23,1.21
C[C@@H](COc1ccc2c(c1)[nH]c1c(=O)n(C)ccc12)N1CCCCC1,17.04,1.21
Cn1ccc(-c2ccc3c(c2)cc(CN2CCCCC2)n3C)cc1=O,18.9,1.06
C[C@H](CN1CCCCC1)Oc1ccc2c(c1)[nH]c1c(=O)n(C)ccc12,17.14,1.28
Cc1cn(C)c(=O)c2[nH]c3cc(NCCN4CCCCC4)ccc3c12,13.42,1.63
CN1CCN(CCOc2cc3[nH]c4c(=O)n(C)ccc4c3cc2F)CC1,12.34,2.21
CN1CCN(CCOc2ccc3c([nH]c4c(=O)n(C)ccc43)c2F)CC1,19.7,0.86
COC1CCN(CCOc2cnc3c(c2)[nH]c2c(=O)n(C)ccc23)CC1,6.25,5.15
Cn1ccc2c([nH]c3cc(NC(=O)CCCN4CCCCC4)ccc32)c1=O,0.96,13.8
Cc1cn(C)c(=O)c2[nH]c3cc(N(C)CCN4CCCCC4)ccc3c12,17.2,0.87
N#Cc1cnn2cc(-c3ccc(OCCN4CCCCC4)cc3)ccc12,17.02,1.25
CNC(=O)c1ccc(-c2cc3cnccc3c(C)c2NC)cc1,21.9,0.94
CNc1c(-c2ccc(C(N)=O)c(F)c2)cc2cnccc2c1C,25.83,0.76
Cc1cnn2cc(-c3ccc(OCCN4CCCCC4)cc3)cnc12,27.93,0.99
N#Cc1cc2ncc(-c3ccc(OCCN4CCCCC4)cc3)cn2n1,37.06,0.83
O=C(NC1CCN(c2ccncc2)CC1)c1cc2cc(-c3nnc(C4CC4)s3)ccn2n1,7.23,4.73
Cc1nnc(-c2ccn3nc(C(=O)NC4CN(c5ccncc5)C4)cc3c2)s1,3.1,10.33
Cc1c(N)c(-c2ccc(OC[C@H](C)N3CC[C@H](F)C3)cc2)cc2cnccc12,1.07,2.95
CNc1c(-c2ccc(-c3c[nH]cn3)cc2)cc2cnccc2c1C,2.36,1.9
CCN(C)CCNC(=O)COc1ccc(-c2cc3cnccc3c(C)c2N)cc1,4.31,5.19
Cc1cccc(-c2ccc3oc(CN4CCCCC4)cc3c2)c1N,8.72,1.08
CC(=O)NCCCN(C)CCOc1ccc(-c2cc3cnccc3c(C)c2N)cc1,3.43,5.62
CNc1c(-c2ccc(-c3ccn[nH]3)cc2)cc2cnccc2c1C,5.85,0.79
CN1CCN(c2ccc3c(c2)cc(C(=O)NC2CCN(c4ccncc4)CC2)n3C)CC1,2.06,10.89
CC(C)N1CCN(CCOc2ccc3c(c2)[nH]c2c(=O)n(C)ccc23)CC1,10.6,1.88
C[C@H]1CCC[C@H](C)N1CCOc1ccc2c(c1)[nH]c1c(=O)n(C)ccc12,13.44,1.43
CN(C(=O)CCCN1CCCCC1)c1ccc2c(c1)[nH]c1c(=O)n(C)ccc12,0.49,35.83
